Length,Width,Height,etiqueta,distance
0.1,5.1,6.2,Pizza,8.03
0.2,4.4,6.8,Tabla,8.1
0.3,0.3,0.7,Estaca,0.82
0.3,0.3,0.7,Estaca,0.82
0.3,2.9,4.3,Tabla,5.2
0.3,2.9,4.3,Tabla,5.2
0.3,9.0,9.8,Pizza,13.31
0.4,3.5,6.4,Tabla,7.31
0.4,0.4,0.4,Cubo,0.69
0.4,0.4,0.7,Leche,0.9
0.4,0.4,0.7,Leche,0.9
0.4,4.3,8.7,Tabla,9.71
0.4,3.5,6.4,Tabla,7.31
0.4,3.3,5.7,Tabla,6.6
0.4,2.6,7.1,Tabla,7.57
0.4,3.0,6.3,Tabla,6.99
0.4,3.5,7.5,Tabla,8.29
0.4,0.7,8.4,Estaca,8.44
0.4,7.6,8.3,Pizza,11.26
0.4,3.1,4.3,Pizza,5.32
0.4,4.7,6.1,Pizza,7.71
0.5,5.5,11.3,Tabla,12.58
0.5,3.8,4.8,Pizza,6.14
0.5,7.8,10.0,Pizza,12.69
0.5,4.6,6.1,Pizza,7.66
0.6,6.6,10.5,Tabla,12.42
0.6,6.3,10.0,Tabla,11.83
0.6,5.0,8.1,Tabla,9.54
0.6,5.0,9.3,Tabla,10.58
0.6,6.6,10.5,Tabla,12.42
0.6,6.3,10.0,Tabla,11.83
0.6,3.9,9.0,Tabla,9.83
0.6,7.8,10.1,Pizza,12.78
0.6,5.0,8.1,Tabla,9.54
0.6,5.0,9.3,Tabla,10.58
0.6,5.0,9.3,Tabla,10.58
0.6,4.0,8.1,Tabla,9.05
0.6,5.0,8.1,Tabla,9.54
0.6,4.6,8.4,Tabla,9.6
0.7,6.6,16.6,Tabla,17.88
0.7,6.3,6.4,Pizza,9.01
0.7,9.0,12.3,Pizza,15.26
0.7,6.3,6.4,Pizza,9.01
0.7,4.7,7.1,Tabla,8.54
0.7,4.2,6.9,Tabla,8.11
0.7,3.4,5.0,Tabla,6.09
0.7,6.6,16.6,Tabla,17.88
0.7,3.3,6.4,Tabla,7.23
0.7,3.3,6.3,Tabla,7.15
0.7,9.0,12.1,Pizza,15.1
0.7,3.3,6.3,Tabla,7.15
0.7,10.2,14.5,Pizza,17.74
0.7,4.8,5.1,Pizza,7.04
0.7,8.7,11.8,Pizza,14.68
0.7,11.5,14.5,Pizza,18.52
0.7,3.6,11.3,Tabla,11.88
0.7,10.4,18.0,Tabla,20.8
0.7,10.4,18.0,Tabla,20.8
0.7,6.5,10.2,Tabla,12.12
0.7,11.5,14.5,Pizza,18.52
0.7,3.9,7.8,Tabla,8.75
0.8,7.6,9.9,Pizza,12.51
0.8,6.7,17.7,Tabla,18.94
0.8,0.8,0.8,Cubo,1.39
0.8,8.9,12.7,Pizza,15.53
0.8,6.3,9.1,Pizza,11.1
0.8,5.0,8.3,Tabla,9.72
0.8,7.9,15.7,Tabla,17.59
0.8,5.0,8.3,Tabla,9.72
0.8,5.0,8.3,Tabla,9.72
0.8,5.1,8.1,Tabla,9.61
0.8,7.1,8.1,Pizza,10.8
0.8,4.6,5.0,Pizza,6.84
0.8,5.2,7.7,Tabla,9.33
0.8,3.5,3.5,Pizza,5.01
0.8,1.2,4.7,Estaca,4.92
0.8,0.8,0.8,Cubo,1.39
0.8,7.6,9.9,Pizza,12.51
0.8,6.7,17.7,Tabla,18.94
0.8,4.7,7.9,Tabla,9.23
0.8,6.7,11.4,Tabla,13.25
0.8,2.4,4.2,Tabla,4.9
0.8,9.8,11.8,Pizza,15.36
0.8,11.4,13.8,Pizza,17.92
0.8,9.8,11.8,Pizza,15.36
0.8,11.4,13.8,Pizza,17.92
0.8,5.9,8.7,Tabla,10.54
0.8,7.5,9.1,Pizza,11.82
0.9,3.7,5.3,Pizza,6.53
0.9,9.8,13.8,Pizza,16.95
0.9,7.6,9.6,Pizza,12.28
0.9,3.1,5.2,Tabla,6.12
0.9,4.9,7.0,Pizza,8.59
0.9,4.9,7.0,Pizza,8.59
0.9,4.1,6.1,Tabla,7.4
0.9,8.5,9.8,Pizza,13.0
0.9,6.5,9.5,Pizza,11.55
0.9,6.2,8.6,Pizza,10.64
0.9,3.1,5.2,Tabla,6.12
0.9,4.1,6.1,Tabla,7.4
0.9,4.9,7.5,Tabla,9.0
0.9,3.7,5.3,Pizza,6.53
0.9,2.9,2.9,Pizza,4.2
0.9,4.7,6.4,Pizza,7.99
0.9,9.8,12.8,Pizza,16.15
0.9,4.3,4.5,Pizza,6.29
0.9,5.3,5.7,Pizza,7.84
0.9,5.0,8.4,Tabla,9.82
0.9,6.4,9.6,Tabla,11.57
0.9,8.7,9.3,Pizza,12.77
1.0,4.3,7.4,Tabla,8.62
1.0,8.0,10.0,Pizza,12.85
1.0,8.0,10.0,Pizza,12.85
1.0,8.6,9.6,Pizza,12.93
1.0,7.7,9.8,Pizza,12.5
1.0,7.7,9.8,Pizza,12.5
1.0,8.6,9.8,Pizza,13.08
1.0,9.4,13.0,Pizza,16.07
1.0,5.9,7.6,Pizza,9.67
1.0,5.1,6.7,Pizza,8.48
1.0,7.8,9.7,Pizza,12.49
1.0,7.7,10.1,Pizza,12.74
1.0,6.1,10.5,Tabla,12.18
1.0,7.5,7.6,Pizza,10.72
1.0,7.5,7.6,Pizza,10.72
1.0,5.0,8.5,Tabla,9.91
1.0,4.9,8.3,Tabla,9.69
1.1,5.7,10.0,Tabla,11.56
1.1,6.7,9.6,Pizza,11.76
1.1,5.7,10.0,Tabla,11.56
1.1,1.1,5.7,Estaca,5.91
1.1,4.5,6.9,Tabla,8.31
1.1,4.6,8.3,Tabla,9.55
1.1,11.6,13.8,Pizza,18.06
1.1,7.4,10.0,Pizza,12.49
1.1,6.5,9.6,Tabla,11.65
1.1,7.4,10.0,Pizza,12.49
1.1,2.4,2.4,Pizza,3.57
1.1,6.7,9.6,Pizza,11.76
1.1,10.9,17.0,Tabla,20.22
1.1,5.8,5.9,Pizza,8.35
1.1,10.9,17.0,Tabla,20.22
1.1,5.4,9.9,Tabla,11.33
1.1,8.8,11.2,Pizza,14.29
1.1,8.5,14.7,Tabla,17.02
1.1,6.6,9.9,Tabla,11.95
1.1,6.0,7.9,Pizza,9.98
1.1,6.0,7.9,Pizza,9.98
1.1,2.5,4.6,Tabla,5.35
1.2,3.3,6.3,Tabla,7.21
1.2,4.6,8.3,Tabla,9.57
1.2,8.6,9.1,Pizza,12.58
1.2,3.1,5.1,Tabla,6.09
1.2,3.5,7.1,Tabla,8.01
1.2,4.6,9.6,Tabla,10.71
1.2,3.5,7.6,Tabla,8.45
1.2,7.2,9.2,Pizza,11.74
1.2,6.4,9.5,Tabla,11.52
1.2,8.1,14.0,Tabla,16.22
1.2,6.7,8.6,Pizza,10.97
1.2,5.0,7.5,Tabla,9.09
1.2,3.9,5.5,Pizza,6.85
1.2,5.6,8.2,Tabla,10.0
1.2,9.1,9.4,Pizza,13.14
1.2,7.9,13.0,Tabla,15.26
1.2,5.4,7.2,Pizza,9.08
1.2,7.5,8.3,Pizza,11.25
1.2,7.9,9.1,Pizza,12.11
1.2,4.3,8.0,Tabla,9.16
1.2,5.6,6.5,Pizza,8.66
1.3,9.0,13.1,Pizza,15.95
1.3,6.1,9.0,Tabla,10.95
1.3,10.2,15.1,Tabla,18.27
1.3,10.2,15.1,Tabla,18.27
1.3,6.4,8.5,Pizza,10.72
1.3,3.2,6.1,Tabla,7.01
1.3,7.8,9.7,Pizza,12.51
1.3,10.2,15.1,Tabla,18.27
1.3,8.3,10.7,Pizza,13.6
1.3,2.8,6.0,Tabla,6.75
1.3,2.8,6.7,Tabla,7.38
1.3,6.1,9.4,Tabla,11.28
1.3,9.0,13.1,Pizza,15.95
1.3,10.6,13.2,Pizza,16.98
1.3,4.7,8.5,Tabla,9.8
1.3,8.9,13.0,Pizza,15.81
1.3,10.6,13.2,Pizza,16.98
1.3,2.8,3.8,Desco,4.9
1.3,5.0,7.5,Tabla,9.11
1.3,7.2,7.3,Pizza,10.34
1.3,3.9,9.7,Tabla,10.54
1.3,7.4,7.7,Pizza,10.76
1.3,9.3,13.2,Pizza,16.2
1.3,3.9,9.7,Tabla,10.54
1.3,7.4,7.7,Pizza,10.76
1.3,5.4,6.6,Pizza,8.63
1.3,7.5,11.9,Tabla,14.13
1.4,5.0,6.6,Pizza,8.4
1.4,9.0,13.0,Pizza,15.87
1.4,10.6,13.6,Pizza,17.3
1.4,2.4,3.5,Desco,4.47
1.4,2.4,3.5,Desco,4.47
1.4,6.5,8.4,Pizza,10.71
1.4,5.1,8.3,Tabla,9.84
1.4,6.5,7.9,Pizza,10.33
1.4,4.4,8.7,Tabla,9.85
1.4,6.7,8.8,Pizza,11.15
1.4,7.4,10.6,Pizza,13.0
1.4,12.0,16.3,Pizza,20.29
1.4,6.7,11.3,Tabla,13.21
1.4,9.0,13.0,Pizza,15.87
1.4,10.6,13.6,Pizza,17.3
1.4,10.6,13.5,Pizza,17.22
1.4,3.7,5.4,Desco,6.69
1.4,5.0,5.8,Pizza,7.78
1.4,10.6,13.5,Pizza,17.22
1.4,9.5,15.1,Tabla,17.89
1.4,11.4,14.5,Pizza,18.5
1.4,1.5,5.4,Estaca,5.78
1.4,10.7,13.4,Pizza,17.2
1.4,4.4,4.4,Pizza,6.38
1.4,10.7,13.2,Pizza,17.05
1.4,7.8,11.7,Tabla,14.13
1.4,6.8,8.2,Pizza,10.74
1.4,7.8,11.7,Tabla,14.13
1.4,9.1,9.4,Pizza,13.16
1.4,3.1,6.8,Tabla,7.6
1.5,10.7,13.6,Pizza,17.37
1.5,5.0,6.6,Pizza,8.41
1.5,8.8,9.1,Pizza,12.75
1.5,3.7,5.3,Desco,6.64
1.5,4.8,14.8,Estaca,15.63
1.5,4.9,9.3,Tabla,10.62
1.5,1.6,11.5,Estaca,11.71
1.5,9.9,9.9,Pizza,14.08
1.5,5.6,11.2,Tabla,12.61
1.5,2.8,8.3,Estaca,8.89
1.5,2.6,3.2,Desco,4.39
1.5,8.5,13.7,Tabla,16.19
1.5,2.6,3.2,Desco,4.39
1.5,12.0,16.5,Pizza,20.46
1.5,2.6,3.2,Desco,4.39
1.5,6.4,6.9,Pizza,9.53
1.5,8.5,13.7,Tabla,16.19
1.5,9.4,11.9,Pizza,15.24
1.5,5.5,7.6,Pizza,9.5
1.5,3.9,10.0,Tabla,10.84
1.5,5.5,7.6,Pizza,9.5
1.5,4.3,7.2,Tabla,8.52
1.5,10.7,13.6,Pizza,17.37
1.5,8.8,9.1,Pizza,12.75
1.5,3.7,5.3,Desco,6.64
1.5,4.4,6.1,Pizza,7.67
1.5,6.1,16.5,Tabla,17.66
1.5,8.8,9.1,Pizza,12.75
1.5,10.7,13.6,Pizza,17.37
1.5,4.4,6.1,Pizza,7.67
1.5,6.1,16.5,Tabla,17.66
1.5,8.8,9.1,Pizza,12.75
1.5,5.6,7.6,Pizza,9.56
1.5,6.7,10.0,Tabla,12.13
1.5,5.5,7.8,Pizza,9.66
1.6,4.8,7.2,Desco,8.8
1.6,3.7,6.1,Tabla,7.31
1.6,9.1,10.6,Pizza,14.06
1.6,4.3,8.7,Tabla,9.84
1.6,4.3,8.7,Tabla,9.84
1.6,3.0,10.5,Estaca,11.04
1.6,5.0,9.6,Tabla,10.94
1.6,4.3,8.7,Tabla,9.84
1.6,5.0,9.6,Tabla,10.94
1.6,3.0,10.5,Estaca,11.04
1.6,3.9,7.9,Tabla,8.95
1.6,5.5,7.9,Pizza,9.76
1.6,5.5,7.9,Pizza,9.76
1.6,1.6,4.3,Estaca,4.86
1.6,9.6,11.5,Pizza,15.07
1.6,10.6,10.6,Pizza,15.08
1.6,8.5,12.0,Pizza,14.79
1.6,2.8,6.9,Estaca,7.62
1.6,4.7,8.7,Tabla,10.02
1.6,2.8,5.5,Tabla,6.38
1.6,4.7,7.9,Tabla,9.33
1.6,1.9,6.2,Estaca,6.68
1.6,6.1,6.6,Pizza,9.13
1.6,5.5,7.6,Pizza,9.52
1.6,3.9,10.2,Tabla,11.04
1.6,2.8,6.7,Estaca,7.44
1.6,3.5,5.8,Desco,6.96
1.6,4.2,6.5,Desco,7.9
1.6,3.5,5.8,Desco,6.96
1.6,9.6,13.5,Pizza,16.64
1.6,4.2,7.8,Tabla,9.0
1.6,10.0,15.6,Tabla,18.6
1.6,8.9,13.1,Tabla,15.92
1.6,7.6,13.0,Tabla,15.14
1.6,7.9,9.4,Pizza,12.38
1.6,7.6,13.0,Tabla,15.14
1.6,7.6,13.0,Tabla,15.14
1.6,7.9,7.9,Pizza,11.29
1.6,6.7,7.5,Pizza,10.18
1.6,7.5,9.8,Pizza,12.44
1.6,7.5,11.0,Tabla,13.41
1.6,7.9,8.7,Pizza,11.86
1.6,8.3,10.2,Pizza,13.25
1.6,9.4,10.2,Pizza,13.96
1.6,2.9,6.0,Tabla,6.85
1.6,9.1,9.1,Pizza,12.97
1.6,9.1,9.1,Pizza,12.97
1.6,9.1,9.1,Pizza,12.97
1.6,9.1,9.1,Pizza,12.97
1.6,9.0,9.1,Pizza,12.9
1.7,3.6,11.5,Estaca,12.17
1.7,3.7,8.8,Tabla,9.7
1.7,5.9,6.6,Pizza,9.01
1.7,4.8,12.7,Tabla,13.68
1.7,4.3,7.4,Tabla,8.73
1.7,4.3,7.4,Tabla,8.73
1.7,4.5,9.1,Tabla,10.29
1.7,10.7,10.8,Pizza,15.3
1.7,3.9,6.5,Tabla,7.77
1.7,5.1,7.2,Pizza,8.99
1.7,7.2,9.3,Pizza,11.88
1.7,3.5,5.5,Desco,6.74
1.7,1.7,14.8,Estaca,14.99
1.7,1.8,4.4,Estaca,5.05
1.7,1.8,4.4,Estaca,5.05
1.7,2.8,6.5,Estaca,7.28
1.7,2.7,6.5,Estaca,7.24
1.7,5.2,7.8,Desco,9.53
1.7,10.6,13.0,Pizza,16.86
1.7,2.6,5.8,Estaca,6.58
1.7,3.1,7.1,Estaca,7.93
1.7,3.5,5.5,Desco,6.74
1.7,7.2,9.3,Pizza,11.88
1.7,7.2,9.3,Pizza,11.88
1.7,9.7,10.9,Pizza,14.69
1.7,9.7,10.9,Pizza,14.69
1.7,4.4,7.9,Tabla,9.2
1.7,3.2,5.1,Desco,6.26
1.7,3.2,6.8,Tabla,7.71
1.7,6.7,9.4,Pizza,11.67
1.7,3.2,5.9,Tabla,6.92
1.7,3.6,5.9,Desco,7.12
1.7,3.7,5.9,Desco,7.17
1.7,5.4,5.9,Pizza,8.18
1.7,10.5,13.7,Pizza,17.34
1.7,6.9,8.1,Pizza,10.78
1.7,7.2,10.4,Pizza,12.76
1.7,4.1,10.4,Tabla,11.31
1.7,6.4,6.5,Pizza,9.28
1.7,6.4,6.4,Pizza,9.21
1.7,6.6,7.2,Pizza,9.91
1.7,6.6,7.2,Pizza,9.91
1.7,4.3,7.2,Tabla,8.56
1.7,4.7,6.6,Desco,8.28
1.7,8.1,14.5,Tabla,16.7
1.7,5.7,6.3,Pizza,8.66
1.7,3.1,6.0,Tabla,6.96
1.7,8.7,13.3,Tabla,15.98
1.7,7.0,7.9,Pizza,10.69
1.7,4.2,6.7,Desco,8.09
1.7,4.6,6.5,Desco,8.14
1.7,6.4,9.2,Pizza,11.34
1.7,4.3,10.6,Tabla,11.56
1.7,9.3,11.8,Pizza,15.12
1.7,4.0,7.7,Tabla,8.84
1.7,7.2,7.9,Pizza,10.82
1.7,4.9,5.0,Pizza,7.2
1.7,9.1,9.1,Pizza,12.98
1.8,5.9,8.7,Desco,10.66
1.8,2.0,7.9,Estaca,8.35
1.8,3.1,5.2,Desco,6.32
1.8,9.6,10.5,Pizza,14.34
1.8,4.5,7.9,Tabla,9.27
1.8,4.6,8.0,Tabla,9.4
1.8,1.9,5.2,Estaca,5.82
1.8,1.9,5.2,Estaca,5.82
1.8,6.1,8.0,Pizza,10.22
1.8,1.9,5.2,Estaca,5.82
1.8,6.1,8.0,Pizza,10.22
1.8,6.1,8.0,Pizza,10.22
1.8,5.3,9.6,Tabla,11.11
1.8,6.6,10.2,Tabla,12.28
1.8,6.6,10.2,Tabla,12.28
1.8,6.3,9.9,Tabla,11.87
1.8,3.1,5.2,Desco,6.32
1.8,3.2,7.0,Estaca,7.9
1.8,3.1,7.0,Estaca,7.86
1.8,3.1,5.2,Desco,6.32
1.8,3.2,7.0,Estaca,7.9
1.8,3.1,7.0,Estaca,7.86
1.8,3.1,7.0,Estaca,7.86
1.8,3.1,7.0,Estaca,7.86
1.8,3.2,7.0,Estaca,7.9
1.8,3.1,7.0,Estaca,7.86
1.8,3.1,7.5,Estaca,8.31
1.8,3.1,5.2,Desco,6.32
1.8,3.2,7.0,Estaca,7.9
1.8,3.2,7.0,Estaca,7.9
1.8,7.1,10.0,Pizza,12.4
1.8,4.3,7.0,Tabla,8.41
1.8,8.7,12.9,Tabla,15.66
1.8,6.4,11.5,Tabla,13.28
1.8,4.9,9.8,Tabla,11.1
1.8,5.1,9.7,Tabla,11.11
1.8,2.4,9.3,Estaca,9.77
1.8,4.4,15.5,Estaca,16.21
1.8,6.2,8.1,Pizza,10.36
1.8,6.9,6.9,Pizza,9.92
1.8,9.2,9.3,Pizza,13.2
1.9,9.7,11.0,Pizza,14.79
1.9,8.9,13.0,Tabla,15.87
1.9,9.7,11.0,Pizza,14.79
1.9,5.9,6.3,Pizza,8.84
1.9,8.1,8.2,Pizza,11.68
1.9,6.4,8.0,Pizza,10.42
1.9,9.5,10.6,Pizza,14.36
1.9,4.2,7.2,Tabla,8.55
1.9,9.7,10.2,Pizza,14.2
1.9,4.6,8.1,Tabla,9.51
1.9,1.9,5.2,Estaca,5.85
1.9,1.9,5.2,Estaca,5.85
1.9,5.8,9.1,Tabla,10.96
1.9,5.9,6.3,Pizza,8.84
1.9,3.1,5.6,Desco,6.68
1.9,9.7,11.0,Pizza,14.79
1.9,3.1,5.6,Desco,6.68
1.9,3.2,7.1,Estaca,8.02
1.9,3.3,7.0,Tabla,7.97
1.9,3.2,7.0,Estaca,7.93
1.9,4.4,7.8,Tabla,9.15
1.9,3.2,3.4,Desco,5.04
1.9,6.7,10.0,Tabla,12.19
1.9,4.3,7.7,Tabla,9.02
1.9,9.7,11.0,Pizza,14.79
1.9,6.3,7.1,Pizza,9.68
1.9,3.1,5.6,Desco,6.68
1.9,3.2,5.6,Desco,6.72
1.9,5.7,6.0,Pizza,8.49
1.9,3.3,5.7,Desco,6.85
1.9,3.3,7.0,Tabla,7.97
1.9,9.7,11.0,Pizza,14.79
1.9,3.1,5.6,Desco,6.68
1.9,3.2,7.1,Estaca,8.02
1.9,5.6,8.6,Tabla,10.44
1.9,3.1,7.0,Estaca,7.89
1.9,3.3,6.7,Tabla,7.71
1.9,5.1,9.7,Tabla,11.12
1.9,8.2,11.5,Pizza,14.25
1.9,5.6,7.3,Pizza,9.39
1.9,6.3,7.1,Pizza,9.68
1.9,3.1,7.0,Estaca,7.89
1.9,3.1,7.0,Estaca,7.89
1.9,3.1,6.0,Tabla,7.02
1.9,7.6,8.1,Pizza,11.27
1.9,7.4,9.6,Pizza,12.27
1.9,8.9,13.0,Tabla,15.87
1.9,5.0,6.1,Pizza,8.11
1.9,8.0,8.1,Pizza,11.54
1.9,6.0,16.6,Tabla,17.75
1.9,11.3,14.9,Pizza,18.8
1.9,5.6,6.3,Pizza,8.64
1.9,9.6,13.5,Pizza,16.67
1.9,9.8,14.4,Tabla,17.52
1.9,5.7,6.2,Pizza,8.63
1.9,6.0,9.4,Tabla,11.31
1.9,4.8,6.6,Desco,8.38
1.9,9.1,13.1,Pizza,16.06
1.9,5.1,7.6,Desco,9.35
1.9,5.2,6.4,Pizza,8.46
1.9,5.4,10.2,Tabla,11.7
1.9,10.0,11.3,Pizza,15.21
1.9,4.7,9.5,Tabla,10.77
1.9,4.7,9.5,Tabla,10.77
1.9,8.4,9.1,Pizza,12.53
1.9,1.9,4.7,Estaca,5.41
1.9,1.9,5.0,Estaca,5.68
2.0,3.5,6.3,Desco,7.48
2.0,2.0,8.0,Estaca,8.49
2.0,7.7,11.5,Tabla,13.98
2.0,9.6,9.8,Pizza,13.86
2.0,4.6,7.8,Tabla,9.27
2.0,2.0,5.2,Estaca,5.92
2.0,2.0,5.2,Estaca,5.92
2.0,2.0,5.2,Estaca,5.92
2.0,8.3,9.4,Pizza,12.7
2.0,8.3,9.4,Pizza,12.7
2.0,6.2,8.8,Pizza,10.95
2.0,6.4,13.4,Tabla,14.98
2.0,5.7,12.6,Tabla,13.97
2.0,3.7,9.7,Estaca,10.57
2.0,9.4,11.1,Pizza,14.68
2.0,5.9,10.2,Tabla,11.95
2.0,3.1,7.2,Estaca,8.09
2.0,7.2,10.2,Pizza,12.64
2.0,3.2,7.1,Estaca,8.04
2.0,6.5,9.5,Desco,11.68
2.0,3.9,9.1,Estaca,10.1
2.0,5.9,7.9,Pizza,10.06
2.0,5.9,7.9,Pizza,10.06
2.0,5.9,7.9,Pizza,10.06
2.0,5.9,7.9,Pizza,10.06
2.0,5.9,7.9,Pizza,10.06
2.0,5.9,7.9,Pizza,10.06
2.0,5.9,7.9,Pizza,10.06
2.0,3.9,9.1,Estaca,10.1
2.0,5.9,7.9,Pizza,10.06
2.0,5.9,7.9,Pizza,10.06
2.0,5.9,7.9,Pizza,10.06
2.0,5.9,7.9,Pizza,10.06
2.0,5.9,7.9,Pizza,10.06
2.0,5.9,7.9,Pizza,10.06
2.0,5.9,7.9,Pizza,10.06
2.0,5.9,7.9,Pizza,10.06
2.0,5.9,7.9,Pizza,10.06
2.0,5.0,6.3,Pizza,8.29
2.0,5.9,7.9,Pizza,10.06
2.0,5.9,7.9,Pizza,10.06
2.0,5.9,7.9,Pizza,10.06
2.0,5.9,7.9,Pizza,10.06
2.0,5.9,7.9,Pizza,10.06
2.0,5.9,7.9,Pizza,10.06
2.0,5.9,7.9,Pizza,10.06
2.0,5.9,7.9,Pizza,10.06
2.0,5.9,7.9,Pizza,10.06
2.0,5.9,7.9,Pizza,10.06
2.0,5.9,7.9,Pizza,10.06
2.0,5.9,7.9,Pizza,10.06
2.0,5.9,7.9,Pizza,10.06
2.0,5.9,7.9,Pizza,10.06
2.0,5.9,7.9,Pizza,10.06
2.0,5.9,7.9,Pizza,10.06
2.0,5.9,7.9,Pizza,10.06
2.0,5.9,7.9,Pizza,10.06
2.0,5.9,7.9,Pizza,10.06
2.0,5.9,7.9,Pizza,10.06
2.0,5.9,7.9,Pizza,10.06
2.0,5.9,7.9,Pizza,10.06
2.0,7.7,11.5,Tabla,13.98
2.0,3.2,7.1,Estaca,8.04
2.0,3.2,7.1,Estaca,8.04
2.0,6.5,9.5,Desco,11.68
2.0,7.9,11.8,Tabla,14.34
2.0,7.3,10.8,Tabla,13.19
2.0,5.1,9.4,Tabla,10.88
2.0,4.8,7.7,Desco,9.29
2.0,5.1,8.1,Desco,9.78
2.0,5.9,7.9,Pizza,10.06
2.0,4.6,6.5,Desco,8.21
2.0,5.9,7.9,Pizza,10.06
2.0,5.9,7.9,Pizza,10.06
2.0,7.5,8.3,Pizza,11.36
2.0,9.2,13.3,Pizza,16.3
2.0,9.1,13.8,Tabla,16.65
2.0,7.5,12.3,Tabla,14.54
2.0,5.9,7.9,Pizza,10.06
2.0,3.3,6.7,Tabla,7.73
2.0,4.3,7.5,Tabla,8.87
2.0,4.3,7.2,Desco,8.62
2.0,7.2,9.9,Pizza,12.4
2.0,10.6,12.2,Pizza,16.28
2.0,3.9,7.4,Tabla,8.6
2.0,7.2,8.2,Pizza,11.09
2.0,5.9,7.9,Pizza,10.06
2.0,8.4,11.3,Pizza,14.22
2.0,7.3,9.1,Pizza,11.84
2.0,9.3,10.9,Pizza,14.47
2.0,4.7,6.5,Desco,8.27
2.0,6.2,10.5,Tabla,12.36
2.0,4.3,10.0,Tabla,11.07
2.0,6.5,8.0,Pizza,10.5
2.0,3.9,8.7,Tabla,9.74
2.0,5.2,11.0,Tabla,12.33
2.0,4.9,8.5,Tabla,10.01
2.0,11.8,16.1,Pizza,20.06
2.0,9.4,15.0,Tabla,17.81
2.0,11.8,16.1,Pizza,20.06
2.0,9.8,11.8,Pizza,15.47
2.0,7.1,8.3,Pizza,11.1
2.0,8.3,8.3,Pizza,11.91
2.0,9.4,11.0,Pizza,14.61
2.0,7.9,12.7,Tabla,15.09
2.0,7.2,8.4,Pizza,11.24
2.0,3.7,6.7,Tabla,7.91
2.0,2.4,7.6,Estaca,8.22
2.0,8.1,10.3,Pizza,13.26
2.0,7.1,12.5,Tabla,14.51
2.0,4.1,6.6,Desco,8.02
2.0,2.0,9.4,Estaca,9.82
2.0,6.6,7.1,Pizza,9.9
2.1,3.3,8.1,Estaca,8.99
2.1,9.8,13.5,Pizza,16.81
2.1,9.8,13.5,Pizza,16.81
2.1,9.8,13.5,Pizza,16.81
2.1,3.9,9.6,Estaca,10.57
2.1,5.3,10.3,Tabla,11.77
2.1,11.0,13.3,Pizza,17.39
2.1,4.1,6.2,Desco,7.72
2.1,2.2,7.6,Estaca,8.19
2.1,2.2,7.6,Estaca,8.19
2.1,3.6,7.9,Estaca,8.93
2.1,4.1,11.0,Estaca,11.93
2.1,2.1,5.7,Estaca,6.43
2.1,7.8,11.8,Tabla,14.3
2.1,7.4,12.0,Tabla,14.25
2.1,2.5,6.3,Estaca,7.1
2.1,2.2,2.2,Cubo,3.75
2.1,2.2,2.6,Cubo,4.0
2.1,6.9,10.2,Desco,12.49
2.1,8.6,12.0,Pizza,14.91
2.1,8.1,9.3,Pizza,12.51
2.1,9.1,13.2,Pizza,16.17
2.1,7.4,10.4,Pizza,12.94
2.1,5.9,9.3,Tabla,11.21
2.1,7.0,12.6,Tabla,14.57
2.1,7.0,12.6,Tabla,14.57
2.1,11.7,13.3,Pizza,17.84
2.1,5.9,6.5,Pizza,9.03
2.2,7.3,8.5,Pizza,11.42
2.2,4.9,10.2,Tabla,11.53
2.2,7.6,10.2,Pizza,12.91
2.2,8.0,10.7,Pizza,13.54
2.2,5.0,9.1,Tabla,10.61
2.2,5.0,9.1,Tabla,10.61
2.2,3.8,9.4,Estaca,10.37
2.2,7.0,10.0,Pizza,12.4
2.2,4.9,7.7,Desco,9.39
2.2,8.9,11.8,Pizza,14.94
2.2,8.7,8.8,Pizza,12.57
2.2,5.9,9.7,Tabla,11.56
2.2,6.5,11.7,Tabla,13.56
2.2,2.4,4.1,Leche,5.24
2.2,6.9,9.3,Pizza,11.79
2.2,5.6,8.4,Desco,10.33
2.2,6.0,7.3,Pizza,9.7
2.2,5.6,5.9,Pizza,8.43
2.2,4.4,8.1,Tabla,9.48
2.2,2.4,4.1,Leche,5.24
2.2,4.3,6.6,Desco,8.18
2.2,9.3,12.8,Pizza,15.97
2.2,2.2,2.2,Cubo,3.81
2.2,3.3,6.9,Estaca,7.96
2.2,3.3,6.7,Estaca,7.79
2.2,2.2,8.8,Estaca,9.33
2.2,6.0,7.3,Pizza,9.7
2.2,7.3,8.5,Pizza,11.42
2.2,7.3,8.5,Pizza,11.42
2.2,8.8,8.9,Pizza,12.71
2.2,2.6,5.0,Leche,6.05
2.2,11.7,14.2,Pizza,18.53
2.2,2.2,4.4,Estaca,5.39
2.2,7.7,9.4,Pizza,12.35
2.2,10.0,11.1,Pizza,15.1
2.2,10.0,11.1,Pizza,15.1
2.2,9.3,9.9,Pizza,13.76
2.2,2.8,3.1,Cubo,4.72
2.2,5.8,6.5,Pizza,8.98
2.2,6.3,7.6,Pizza,10.11
2.2,4.1,9.2,Estaca,10.31
2.2,2.6,8.2,Estaca,8.88
2.3,2.3,6.3,Estaca,7.09
2.3,2.3,6.3,Estaca,7.09
2.3,7.7,10.5,Pizza,13.22
2.3,8.4,10.5,Pizza,13.64
2.3,7.7,10.5,Pizza,13.22
2.3,8.7,10.9,Pizza,14.13
2.3,3.5,5.0,Desco,6.52
2.3,2.8,8.8,Estaca,9.52
2.3,3.5,6.3,Leche,7.57
2.3,4.1,4.3,Desco,6.37
2.3,3.5,4.7,Desco,6.3
2.3,3.5,4.7,Desco,6.3
2.3,3.5,5.0,Desco,6.52
2.3,3.4,5.1,Desco,6.55
2.3,6.3,10.4,Tabla,12.37
2.3,4.1,4.3,Desco,6.37
2.3,3.5,4.7,Desco,6.3
2.3,2.4,2.7,Cubo,4.28
2.3,6.2,10.3,Tabla,12.24
2.3,4.1,4.3,Desco,6.37
2.3,5.1,8.1,Desco,9.84
2.3,4.8,7.2,Desco,8.95
2.3,9.4,15.2,Tabla,18.02
2.3,8.6,10.0,Pizza,13.39
2.3,3.2,6.6,Estaca,7.69
2.3,7.2,14.2,Tabla,16.09
2.3,4.2,7.7,Tabla,9.07
2.3,7.2,14.2,Tabla,16.09
2.3,4.2,7.7,Tabla,9.07
2.3,6.0,12.1,Tabla,13.7
2.3,5.9,11.5,Tabla,13.13
2.3,2.4,7.6,Estaca,8.3
2.3,2.4,7.6,Estaca,8.3
2.3,7.8,11.0,Pizza,13.68
2.3,6.7,9.6,Desco,11.93
2.3,4.4,7.6,Desco,9.08
2.3,8.7,11.1,Pizza,14.29
2.3,2.3,3.2,Cubo,4.56
2.3,2.3,3.3,Leche,4.63
2.3,2.3,3.2,Cubo,4.56
2.3,2.3,3.0,Cubo,4.42
2.3,8.1,11.2,Pizza,14.01
2.3,8.2,11.4,Pizza,14.23
2.3,2.3,3.2,Cubo,4.56
2.3,6.1,14.8,Tabla,16.17
2.3,2.8,9.7,Estaca,10.35
2.3,4.5,7.0,Desco,8.63
2.4,8.4,11.6,Pizza,14.52
2.4,2.4,7.8,Estaca,8.51
2.4,2.4,7.8,Estaca,8.51
2.4,2.5,6.0,Estaca,6.93
2.4,8.9,9.9,Pizza,13.53
2.4,2.4,7.8,Estaca,8.51
2.4,2.5,6.0,Estaca,6.93
2.4,8.9,9.9,Pizza,13.53
2.4,5.2,7.3,Desco,9.28
2.4,3.9,7.9,Tabla,9.13
2.4,4.1,7.8,Tabla,9.13
2.4,2.4,4.7,Leche,5.8
2.4,4.1,5.3,Desco,7.12
2.4,8.0,9.3,Pizza,12.5
2.4,7.9,8.7,Pizza,11.99
2.4,8.1,8.8,Pizza,12.2
2.4,7.7,10.4,Pizza,13.16
2.4,7.7,10.6,Pizza,13.32
2.4,7.6,10.6,Pizza,13.26
2.4,3.7,3.9,Desco,5.89
2.4,5.6,7.3,Desco,9.51
2.4,6.9,10.7,Tabla,12.96
2.4,3.5,5.2,Desco,6.71
2.4,3.1,3.9,Cubo,5.53
2.4,4.1,8.0,Tabla,9.3
2.4,3.7,8.1,Estaca,9.22
2.4,2.6,6.1,Estaca,7.05
2.4,6.2,7.2,Pizza,9.8
2.4,2.4,4.7,Leche,5.8
2.4,3.7,8.1,Estaca,9.22
2.4,2.5,9.8,Estaca,10.39
2.4,2.6,11.3,Estaca,11.84
2.4,2.4,6.3,Estaca,7.16
2.4,2.6,9.8,Estaca,10.42
2.4,2.5,4.7,Leche,5.84
2.4,2.5,4.7,Leche,5.84
2.4,6.3,8.2,Pizza,10.62
2.4,6.7,11.1,Tabla,13.19
2.4,5.1,8.3,Desco,10.03
2.4,3.7,3.9,Desco,5.89
2.4,5.6,7.3,Desco,9.51
2.4,3.4,5.7,Desco,7.06
2.4,3.3,5.6,Leche,6.93
2.4,6.9,10.7,Tabla,12.96
2.4,3.4,5.7,Desco,7.06
2.4,6.1,6.9,Pizza,9.52
2.4,6.1,6.6,Pizza,9.3
2.4,6.0,6.7,Pizza,9.31
2.4,6.0,6.6,Pizza,9.24
2.4,3.7,3.9,Desco,5.89
2.4,6.9,10.7,Tabla,12.96
2.4,3.5,5.2,Desco,6.71
2.4,5.6,7.3,Desco,9.51
2.4,3.9,3.9,Desco,6.01
2.4,5.5,9.1,Desco,10.9
2.4,3.9,5.4,Desco,7.08
2.4,3.5,4.4,Desco,6.11
2.4,2.6,5.0,Leche,6.13
2.4,4.1,7.7,Tabla,9.05
2.4,5.4,7.5,Desco,9.55
2.4,5.5,6.9,Desco,9.14
2.4,6.0,6.7,Pizza,9.31
2.4,5.5,5.9,Desco,8.42
2.4,3.6,5.2,Desco,6.76
2.4,6.3,8.7,Desco,11.01
2.4,6.1,9.2,Desco,11.3
2.4,6.1,9.2,Desco,11.3
2.4,8.5,12.1,Pizza,14.98
2.4,8.5,8.6,Pizza,12.33
2.4,8.3,11.2,Pizza,14.15
2.4,8.7,10.4,Pizza,13.77
2.4,9.8,10.6,Pizza,14.63
2.4,7.0,11.9,Tabla,14.01
2.4,8.9,10.5,Pizza,13.97
2.4,6.1,8.6,Desco,10.81
2.4,9.6,12.3,Pizza,15.79
2.4,3.0,6.9,Estaca,7.9
2.4,5.1,6.9,Desco,8.91
2.4,4.7,6.9,Desco,8.69
2.4,11.3,15.7,Pizza,19.49
2.4,4.5,8.0,Tabla,9.49
2.4,9.6,11.3,Pizza,15.02
2.4,2.5,8.7,Estaca,9.36
2.4,4.1,6.7,Desco,8.21
2.4,9.4,11.0,Pizza,14.67
2.4,9.4,11.0,Pizza,14.67
2.4,4.5,8.0,Tabla,9.49
2.4,9.6,11.3,Pizza,15.02
2.4,9.1,9.8,Pizza,13.59
2.4,9.1,13.0,Pizza,16.05
2.4,6.7,10.2,Desco,12.44
2.4,3.1,4.3,Cubo,5.82
2.4,2.4,3.2,Cubo,4.66
2.4,7.5,9.0,Pizza,11.96
2.4,6.9,7.4,Pizza,10.4
2.4,5.7,14.6,Tabla,15.86
2.4,3.1,10.8,Estaca,11.49
2.4,3.3,8.7,Estaca,9.61
2.5,10.3,12.0,Pizza,16.01
2.5,3.9,8.0,Estaca,9.24
2.5,2.5,2.6,Cubo,4.39
2.5,6.9,7.0,Pizza,10.14
2.5,3.7,6.5,Leche,7.89
2.5,3.7,6.5,Leche,7.89
2.5,2.5,8.3,Estaca,9.02
2.5,2.5,8.3,Estaca,9.02
2.5,3.9,8.0,Estaca,9.24
2.5,7.0,10.6,Desco,12.95
2.5,9.2,12.1,Pizza,15.4
2.5,4.6,7.4,Desco,9.06
2.5,4.2,5.7,Desco,7.51
2.5,8.0,9.0,Pizza,12.3
2.5,5.8,13.0,Tabla,14.45
2.5,3.0,9.5,Estaca,10.27
2.5,6.1,8.8,Desco,11.0
2.5,2.5,2.6,Cubo,4.39
2.5,4.6,5.6,Desco,7.67
2.5,5.7,7.5,Desco,9.75
2.5,2.5,2.6,Cubo,4.39
2.5,3.1,12.5,Estaca,13.12
2.5,6.4,9.4,Desco,11.64
2.5,11.3,13.8,Pizza,18.01
2.5,7.9,12.7,Tabla,15.16
2.5,7.1,10.8,Desco,13.16
2.5,7.6,10.6,Pizza,13.28
2.5,5.4,7.5,Desco,9.57
2.5,3.5,8.2,Estaca,9.26
2.5,3.9,6.6,Desco,8.06
2.5,6.8,9.9,Desco,12.27
2.5,2.6,4.5,Leche,5.77
2.5,2.5,4.7,Leche,5.88
2.5,2.5,3.6,Leche,5.05
2.6,8.5,10.4,Pizza,13.68
2.6,8.7,11.5,Pizza,14.65
2.6,2.6,4.5,Leche,5.81
2.6,7.6,8.5,Pizza,11.69
2.6,3.0,11.2,Estaca,11.88
2.6,3.0,11.2,Estaca,11.88
2.6,2.7,7.8,Estaca,8.65
2.6,3.0,11.2,Estaca,11.88
2.6,2.7,7.8,Estaca,8.65
2.6,5.2,8.8,Desco,10.55
2.6,4.4,7.7,Desco,9.24
2.6,3.0,4.8,Leche,6.23
2.6,7.6,10.6,Pizza,13.3
2.6,7.9,9.1,Pizza,12.33
2.6,3.9,6.1,Desco,7.69
2.6,3.9,6.0,Desco,7.61
2.6,3.1,5.2,Leche,6.59
2.6,3.1,5.2,Leche,6.59
2.6,3.0,5.9,Estaca,7.11
2.6,3.7,8.0,Estaca,9.19
2.6,2.6,7.4,Estaca,8.26
2.6,2.7,11.1,Estaca,11.72
2.6,3.5,10.3,Estaca,11.18
2.6,2.6,4.7,Leche,5.97
2.6,4.1,6.0,Desco,7.72
2.6,3.7,8.0,Estaca,9.19
2.6,2.7,11.1,Estaca,11.72
2.6,3.5,10.3,Estaca,11.18
2.6,5.2,5.3,Desco,7.87
2.6,2.8,9.4,Estaca,10.15
2.6,2.7,9.3,Estaca,10.03
2.6,2.7,11.1,Estaca,11.72
2.6,2.6,7.4,Estaca,8.26
2.6,4.9,7.3,Desco,9.17
2.6,3.0,10.2,Estaca,10.95
2.6,2.9,8.3,Estaca,9.17
2.6,8.8,8.9,Pizza,12.78
2.6,2.9,8.3,Estaca,9.17
2.6,4.5,6.1,Desco,8.01
2.6,6.0,6.6,Desco,9.29
2.6,2.8,6.3,Estaca,7.37
2.6,3.1,5.2,Leche,6.59
2.6,2.9,3.3,Cubo,5.1
2.6,3.0,9.1,Estaca,9.93
2.6,2.7,3.7,Cubo,5.27
2.6,3.3,5.1,Cubo,6.61
2.6,4.3,7.5,Desco,9.03
2.6,3.6,4.4,Desco,6.25
2.6,2.6,4.8,Leche,6.05
2.6,2.6,4.8,Leche,6.05
2.6,4.4,7.7,Desco,9.24
2.6,4.0,8.0,Estaca,9.31
2.6,4.4,7.7,Desco,9.24
2.6,4.0,8.0,Estaca,9.31
2.6,5.0,8.5,Desco,10.2
2.6,8.0,10.3,Pizza,13.3
2.6,5.0,6.7,Desco,8.75
2.6,9.4,10.5,Pizza,14.33
2.6,8.6,11.0,Pizza,14.2
2.6,9.1,12.6,Pizza,15.76
2.6,6.1,8.3,Desco,10.62
2.6,3.5,7.8,Estaca,8.94
2.6,9.2,11.3,Pizza,14.8
2.6,7.1,11.2,Tabla,13.51
2.6,5.9,7.9,Desco,10.2
2.6,8.5,10.9,Pizza,14.06
2.6,9.1,9.6,Pizza,13.48
2.6,9.1,9.6,Pizza,13.48
2.6,5.6,12.1,Tabla,13.58
2.6,2.6,2.6,Cubo,4.5
2.6,2.6,3.7,Leche,5.22
2.6,2.7,2.9,Cubo,4.74
2.6,2.6,2.6,Cubo,4.5
2.6,2.7,3.0,Cubo,4.8
2.6,2.6,4.4,Leche,5.73
2.6,2.6,4.4,Leche,5.73
2.6,2.6,7.9,Estaca,8.71
2.6,6.7,7.2,Desco,10.17
2.7,10.8,13.7,Pizza,17.65
2.7,4.5,10.6,Estaca,11.83
2.7,3.1,5.1,Leche,6.55
2.7,5.7,9.4,Desco,11.32
2.7,5.2,8.0,Desco,9.92
2.7,3.1,5.1,Leche,6.55
2.7,3.0,8.1,Estaca,9.05
2.7,3.5,5.4,Cubo,6.98
2.7,3.2,6.9,Estaca,8.07
2.7,3.7,7.8,Estaca,9.05
2.7,4.3,6.7,Desco,8.41
2.7,8.1,8.9,Pizza,12.33
2.7,10.9,11.0,Pizza,15.72
2.7,5.5,8.1,Desco,10.16
2.7,3.1,5.1,Leche,6.55
2.7,3.5,5.4,Cubo,6.98
2.7,3.0,5.2,Leche,6.58
2.7,3.2,5.4,Leche,6.83
2.7,3.2,5.1,Leche,6.6
2.7,2.7,3.2,Cubo,4.98
2.7,3.1,5.4,Leche,6.79
2.7,3.1,5.4,Leche,6.79
2.7,6.3,9.7,Desco,11.88
2.7,3.3,5.4,Leche,6.88
2.7,5.3,6.3,Desco,8.66
2.7,3.1,5.3,Leche,6.71
2.7,3.2,5.2,Leche,6.68
2.7,9.2,12.5,Pizza,15.75
2.7,2.8,7.6,Estaca,8.54
2.7,3.1,8.4,Estaca,9.35
2.7,5.4,7.6,Desco,9.71
2.7,13.1,14.2,Pizza,19.51
2.7,3.0,8.1,Estaca,9.05
2.7,3.0,8.1,Estaca,9.05
2.7,12.8,15.3,Pizza,20.13
2.7,3.0,8.1,Estaca,9.05
2.7,3.0,8.1,Estaca,9.05
2.7,6.0,7.7,Desco,10.13
2.7,3.1,5.1,Leche,6.55
2.7,3.5,5.4,Cubo,6.98
2.7,3.0,5.2,Leche,6.58
2.7,3.3,5.2,Leche,6.72
2.7,5.6,6.5,Desco,8.99
2.7,5.5,6.7,Desco,9.08
2.7,3.3,5.1,Leche,6.65
2.7,3.1,5.1,Leche,6.55
2.7,3.0,5.2,Leche,6.58
2.7,3.2,5.4,Leche,6.83
2.7,3.2,5.1,Leche,6.6
2.7,2.7,3.2,Cubo,4.98
2.7,3.5,5.4,Cubo,6.98
2.7,3.3,5.2,Leche,6.72
2.7,3.6,3.6,Cubo,5.76
2.7,3.1,5.1,Leche,6.55
2.7,3.3,5.2,Leche,6.72
2.7,3.1,5.2,Leche,6.63
2.7,3.1,5.2,Leche,6.63
2.7,5.8,13.1,Tabla,14.58
2.7,3.3,5.7,Leche,7.12
2.7,5.4,12.5,Tabla,13.88
2.7,5.8,7.7,Desco,10.01
2.7,8.7,13.2,Tabla,16.04
2.7,7.2,8.2,Desco,11.24
2.7,7.1,8.9,Desco,11.7
2.7,5.9,6.1,Desco,8.91
2.7,3.3,5.2,Leche,6.72
2.7,3.0,5.3,Leche,6.66
2.7,3.4,5.3,Leche,6.85
2.7,5.2,10.7,Tabla,12.2
2.7,7.7,14.3,Tabla,16.46
2.7,5.2,10.7,Tabla,12.2
2.7,7.7,14.3,Tabla,16.46
2.7,6.8,10.8,Desco,13.04
2.7,10.8,13.7,Pizza,17.65
2.7,5.7,9.4,Desco,11.32
2.7,5.2,8.0,Desco,9.92
2.7,10.8,13.7,Pizza,17.65
2.7,5.7,9.4,Desco,11.32
2.7,5.2,8.0,Desco,9.92
2.7,6.9,9.2,Desco,11.81
2.7,11.1,12.0,Pizza,16.57
2.7,9.1,11.7,Pizza,15.07
2.7,4.6,11.3,Estaca,12.5
2.7,4.0,9.3,Estaca,10.48
2.7,4.8,5.0,Desco,7.44
2.7,3.5,5.0,Cubo,6.67
2.7,2.8,5.0,Leche,6.33
2.7,3.1,6.3,Estaca,7.52
2.7,8.0,9.3,Pizza,12.56
2.7,4.0,7.0,Leche,8.5
2.7,3.8,11.0,Estaca,11.95
2.8,3.0,5.6,Leche,6.94
2.8,6.7,12.4,Tabla,14.37
2.8,5.0,10.9,Estaca,12.31
2.8,2.9,10.0,Estaca,10.78
2.8,2.9,5.2,Leche,6.58
2.8,3.7,5.0,Cubo,6.82
2.8,7.5,11.0,Desco,13.6
2.8,4.2,8.4,Estaca,9.8
2.8,4.7,4.7,Desco,7.21
2.8,3.9,8.9,Estaca,10.11
2.8,4.8,8.5,Desco,10.16
2.8,3.9,8.9,Estaca,10.11
2.8,4.8,8.5,Desco,10.16
2.8,6.4,6.9,Desco,9.82
2.8,3.9,8.9,Estaca,10.11
2.8,6.4,6.9,Desco,9.82
2.8,4.8,6.7,Desco,8.7
2.8,4.3,8.5,Estaca,9.93
2.8,4.7,11.7,Estaca,12.92
2.8,4.5,7.9,Desco,9.51
2.8,2.9,6.9,Estaca,7.99
2.8,5.5,8.2,Desco,10.26
2.8,8.1,8.9,Pizza,12.36
2.8,5.8,8.0,Desco,10.27
2.8,3.1,5.2,Leche,6.67
2.8,3.2,5.2,Leche,6.72
2.8,3.2,5.2,Leche,6.72
2.8,3.3,5.0,Leche,6.61
2.8,5.4,6.3,Desco,8.76
2.8,3.3,5.4,Leche,6.92
2.8,3.2,5.2,Leche,6.72
2.8,3.2,6.0,Leche,7.35
2.8,3.3,5.4,Leche,6.92
2.8,3.2,5.2,Leche,6.72
2.8,3.2,5.6,Leche,7.03
2.8,3.2,5.7,Leche,7.11
2.8,3.1,5.9,Leche,7.23
2.8,9.8,13.5,Pizza,16.92
2.8,2.9,10.1,Estaca,10.87
2.8,3.9,8.9,Estaca,10.11
2.8,5.1,8.7,Desco,10.47
2.8,2.9,6.2,Estaca,7.4
2.8,2.9,9.1,Estaca,9.95
2.8,9.8,13.5,Pizza,16.92
2.8,3.9,8.9,Estaca,10.11
2.8,5.1,8.7,Desco,10.47
2.8,2.9,9.1,Estaca,9.95
2.8,2.9,6.2,Estaca,7.4
2.8,2.9,10.1,Estaca,10.87
2.8,2.9,7.3,Estaca,8.34
2.8,6.1,8.6,Desco,10.91
2.8,6.3,8.3,Desco,10.79
2.8,3.0,8.2,Estaca,9.17
2.8,8.7,10.7,Pizza,14.07
2.8,2.9,4.6,Leche,6.12
2.8,3.0,8.2,Estaca,9.17
2.8,3.0,8.2,Estaca,9.17
2.8,2.9,6.8,Estaca,7.91
2.8,3.0,8.1,Estaca,9.08
2.8,8.1,9.6,Pizza,12.87
2.8,2.8,9.4,Estaca,10.2
2.8,9.6,10.3,Pizza,14.36
2.8,3.1,8.3,Estaca,9.29
2.8,2.8,8.3,Estaca,9.2
2.8,7.8,11.7,Desco,14.34
2.8,7.9,11.7,Desco,14.39
2.8,2.9,8.0,Estaca,8.96
2.8,3.1,5.2,Leche,6.67
2.8,3.3,5.3,Leche,6.84
2.8,3.8,8.1,Estaca,9.37
2.8,3.2,5.3,Leche,6.79
2.8,3.7,5.4,Cubo,7.12
2.8,3.1,5.2,Leche,6.67
2.8,4.9,7.4,Desco,9.31
2.8,2.8,4.7,Leche,6.15
2.8,5.0,9.7,Tabla,11.27
2.8,3.9,6.7,Leche,8.24
2.8,9.1,12.0,Pizza,15.32
2.8,3.7,5.5,Cubo,7.2
2.8,5.0,7.4,Desco,9.36
2.8,6.3,8.8,Desco,11.18
2.8,3.1,5.6,Leche,6.99
2.8,3.1,5.1,Leche,6.59
2.8,2.9,8.0,Estaca,8.96
2.8,5.1,5.5,Desco,8.01
2.8,3.6,5.5,Cubo,7.14
2.8,3.2,4.4,Cubo,6.12
2.8,5.3,5.7,Desco,8.27
2.8,3.1,6.1,Estaca,7.39
2.8,8.3,11.6,Pizza,14.54
2.8,7.1,11.2,Desco,13.55
2.8,3.2,5.6,Leche,7.03
2.8,3.6,5.9,Leche,7.46
2.8,3.4,5.4,Leche,6.97
2.8,7.2,8.2,Desco,11.27
2.8,2.8,5.1,Leche,6.46
2.8,6.9,8.1,Desco,11.0
2.8,7.2,8.1,Desco,11.19
2.8,3.3,5.2,Leche,6.77
2.8,3.2,5.2,Leche,6.72
2.8,3.3,5.6,Leche,7.08
2.8,5.3,10.9,Tabla,12.44
2.8,6.7,14.1,Tabla,15.86
2.8,6.7,14.1,Tabla,15.86
2.8,3.0,5.6,Leche,6.94
2.8,3.0,5.6,Leche,6.94
2.8,3.9,6.9,Leche,8.41
2.8,10.0,11.8,Pizza,15.72
2.8,6.9,7.7,Desco,10.71
2.8,5.2,8.5,Desco,10.35
2.8,2.8,4.6,Leche,6.07
2.8,4.8,9.3,Tabla,10.83
2.8,6.2,13.0,Tabla,14.67
2.8,6.9,10.7,Desco,13.04
2.8,4.8,9.3,Tabla,10.83
2.8,11.0,11.4,Pizza,16.09
2.8,9.1,15.0,Tabla,17.77
2.8,5.1,11.8,Estaca,13.16
2.8,7.6,7.9,Desco,11.31
2.8,7.9,11.4,Desco,14.15
2.8,3.0,5.7,Leche,7.02
2.8,4.1,4.8,Desco,6.91
2.8,2.8,3.1,Cubo,5.03
2.8,6.5,7.1,Desco,10.02
2.8,6.1,7.2,Desco,9.84
2.8,6.0,7.8,Desco,10.23
2.8,2.8,12.0,Estaca,12.64
2.8,11.3,14.2,Pizza,18.36
2.8,2.8,12.4,Estaca,13.02
2.9,3.2,3.7,Cubo,5.69
2.9,3.2,10.8,Estaca,11.63
2.9,4.7,9.6,Estaca,11.08
2.9,5.7,12.5,Tabla,14.04
2.9,5.7,5.8,Desco,8.63
2.9,6.1,10.9,Tabla,12.82
2.9,7.1,10.1,Desco,12.68
2.9,4.2,7.3,Leche,8.91
2.9,2.9,6.3,Estaca,7.52
2.9,3.1,5.9,Leche,7.27
2.9,6.8,13.0,Tabla,14.95
2.9,3.1,8.5,Estaca,9.5
2.9,4.8,12.9,Estaca,14.07
2.9,10.5,11.2,Pizza,15.62
2.9,8.9,10.1,Pizza,13.77
2.9,2.9,5.4,Leche,6.78
2.9,3.0,10.6,Estaca,11.39
2.9,8.5,10.9,Pizza,14.12
2.9,3.0,9.6,Estaca,10.47
2.9,3.0,10.6,Estaca,11.39
2.9,5.7,14.4,Estaca,15.76
2.9,3.0,8.5,Estaca,9.47
2.9,3.2,14.7,Estaca,15.32
2.9,7.2,9.2,Desco,12.04
2.9,4.3,4.3,Cubo,6.74
2.9,6.3,8.1,Desco,10.66
2.9,8.3,9.7,Desco,13.09
2.9,5.7,8.2,Desco,10.4
2.9,3.1,8.2,Estaca,9.23
2.9,3.2,14.7,Estaca,15.32
2.9,4.3,4.3,Cubo,6.74
2.9,3.0,4.4,Leche,6.06
2.9,8.2,9.2,Desco,12.66
2.9,8.1,9.2,Desco,12.6
2.9,3.0,8.3,Estaca,9.29
2.9,3.0,8.1,Estaca,9.11
2.9,3.1,8.2,Estaca,9.23
2.9,3.0,8.2,Estaca,9.2
2.9,8.5,9.9,Pizza,13.37
2.9,8.3,9.3,Desco,12.8
2.9,5.7,5.8,Desco,8.63
2.9,8.0,8.2,Desco,11.82
2.9,5.6,6.7,Desco,9.2
2.9,3.4,5.7,Leche,7.24
2.9,5.6,6.5,Desco,9.06
2.9,3.0,4.4,Leche,6.06
2.9,5.6,6.7,Desco,9.2
2.9,3.4,5.7,Leche,7.24
2.9,5.6,6.5,Desco,9.06
2.9,3.0,6.4,Estaca,7.64
2.9,4.8,12.9,Estaca,14.07
2.9,7.5,10.7,Desco,13.38
2.9,4.9,7.4,Desco,9.34
2.9,3.0,5.9,Estaca,7.23
2.9,3.0,5.7,Leche,7.06
2.9,3.0,4.4,Leche,6.06
2.9,5.6,6.4,Desco,8.98
2.9,2.9,5.9,Estaca,7.19
2.9,3.0,6.0,Estaca,7.31
2.9,5.7,6.8,Desco,9.33
2.9,5.7,9.6,Desco,11.54
2.9,7.2,7.7,Desco,10.93
2.9,7.6,8.0,Desco,11.41
2.9,10.7,12.3,Pizza,16.56
2.9,3.4,9.7,Estaca,10.68
2.9,2.9,6.7,Estaca,7.86
2.9,7.4,10.9,Desco,13.49
2.9,5.4,8.6,Desco,10.56
2.9,4.2,4.3,Desco,6.67
2.9,7.4,10.9,Desco,13.49
2.9,11.2,12.1,Pizza,16.74
2.9,2.9,3.6,Cubo,5.46
2.9,8.5,12.5,Desco,15.39
2.9,9.4,9.6,Pizza,13.75
3.0,3.0,12.9,Estaca,13.58
3.0,3.3,10.0,Estaca,10.95
3.0,12.8,14.6,Pizza,19.65
3.0,3.0,12.9,Estaca,13.58
3.0,3.0,13.0,Estaca,13.67
3.0,9.1,13.2,Desco,16.31
3.0,3.1,12.8,Estaca,13.51
3.0,4.1,4.8,Cubo,6.99
3.0,3.0,11.3,Estaca,12.07
3.0,3.0,4.0,Cubo,5.83
3.0,3.7,8.7,Estaca,9.92
3.0,3.1,14.6,Estaca,15.22
3.0,9.2,12.3,Pizza,15.65
3.0,4.0,4.6,Cubo,6.79
3.0,3.1,14.6,Estaca,15.22
3.0,4.0,4.6,Cubo,6.79
3.0,3.1,14.6,Estaca,15.22
3.0,4.0,4.6,Cubo,6.79
3.0,3.7,8.7,Estaca,9.92
3.0,3.1,9.3,Estaca,10.25
3.0,3.7,8.7,Estaca,9.92
3.0,3.1,9.3,Estaca,10.25
3.0,6.1,10.1,Desco,12.17
3.0,8.3,9.2,Desco,12.75
3.0,6.3,8.7,Desco,11.15
3.0,5.9,14.9,Estaca,16.3
3.0,7.7,8.3,Desco,11.71
3.0,10.0,10.7,Pizza,14.95
3.0,3.1,3.7,Cubo,5.68
3.0,7.2,10.7,Desco,13.24
3.0,6.1,10.2,Desco,12.26
3.0,3.2,5.2,Leche,6.8
3.0,3.1,9.0,Estaca,9.98
3.0,10.1,10.3,Pizza,14.73
3.0,3.2,5.0,Leche,6.65
3.0,3.0,12.9,Estaca,13.58
3.0,3.1,6.2,Estaca,7.55
3.0,3.1,6.1,Estaca,7.47
3.0,3.1,9.6,Estaca,10.52
3.0,3.0,12.9,Estaca,13.58
3.0,3.1,6.1,Estaca,7.47
3.0,3.0,6.3,Estaca,7.6
3.0,5.3,7.1,Desco,9.35
3.0,3.1,6.2,Estaca,7.55
3.0,4.0,11.4,Estaca,12.45
3.0,3.1,6.5,Estaca,7.8
3.0,8.6,12.4,Desco,15.39
3.0,4.6,10.3,Estaca,11.67
3.0,3.0,8.3,Estaca,9.32
3.0,10.3,11.8,Pizza,15.95
3.0,9.3,9.7,Pizza,13.77
3.0,6.4,8.4,Desco,10.98
3.0,9.3,9.7,Pizza,13.77
3.0,3.0,9.4,Estaca,10.31
3.0,3.1,8.1,Estaca,9.18
3.0,3.0,8.3,Estaca,9.32
3.0,3.1,8.3,Estaca,9.35
3.0,8.3,15.9,Tabla,18.19
3.0,4.6,10.3,Estaca,11.67
3.0,3.0,8.3,Estaca,9.32
3.0,6.4,8.4,Desco,10.98
3.0,8.4,9.4,Desco,12.96
3.0,3.0,8.1,Estaca,9.14
3.0,3.0,8.3,Estaca,9.32
3.0,3.1,8.2,Estaca,9.27
3.0,10.3,11.8,Pizza,15.95
3.0,3.1,8.3,Estaca,9.35
3.0,3.3,9.2,Estaca,10.22
3.0,6.0,8.0,Desco,10.44
3.0,3.1,8.1,Estaca,9.18
3.0,9.9,12.9,Pizza,16.54
3.0,3.0,6.0,Estaca,7.35
3.0,3.3,11.6,Estaca,12.43
3.0,3.1,3.7,Cubo,5.68
3.0,5.6,10.7,Tabla,12.44
3.0,3.0,6.5,Estaca,7.76
3.0,5.9,11.8,Tabla,13.53
3.0,6.0,7.0,Desco,9.7
3.0,3.1,3.7,Cubo,5.68
3.0,7.2,10.7,Desco,13.24
3.0,6.1,10.2,Desco,12.26
3.0,3.4,6.5,Leche,7.93
3.0,3.0,3.4,Cubo,5.44
3.0,3.0,5.9,Estaca,7.27
3.0,3.0,4.0,Cubo,5.83
3.0,3.0,6.0,Estaca,7.35
3.0,3.3,11.6,Estaca,12.43
3.0,5.6,9.4,Desco,11.35
3.0,4.2,6.3,Desco,8.14
3.0,3.0,5.9,Estaca,7.27
3.0,3.1,5.9,Leche,7.31
3.0,5.9,12.6,Tabla,14.23
3.0,3.0,7.5,Estaca,8.62
3.0,10.7,12.3,Pizza,16.58
3.0,10.6,12.2,Pizza,16.44
3.0,3.0,4.0,Cubo,5.83
3.0,3.5,4.0,Cubo,6.1
3.0,3.0,7.5,Estaca,8.62
3.0,6.5,13.7,Tabla,15.46
3.0,6.5,14.4,Tabla,16.08
3.0,6.6,15.5,Tabla,17.11
3.0,6.5,13.7,Tabla,15.46
3.0,6.5,14.4,Tabla,16.08
3.0,12.8,14.6,Pizza,19.65
3.0,3.0,13.0,Estaca,13.67
3.0,5.1,11.2,Estaca,12.67
3.0,4.9,7.8,Desco,9.69
3.0,6.4,8.6,Desco,11.13
3.0,5.7,7.4,Desco,9.81
3.0,8.4,12.0,Desco,14.95
3.0,7.1,8.1,Desco,11.18
3.0,5.3,6.9,Desco,9.2
3.0,6.3,10.3,Desco,12.44
3.0,5.6,14.3,Estaca,15.65
3.0,8.8,12.3,Desco,15.42
3.0,11.2,11.7,Pizza,16.47
3.0,8.8,12.3,Desco,15.42
3.0,11.2,11.7,Pizza,16.47
3.0,5.6,14.3,Estaca,15.65
3.0,3.3,4.6,Cubo,6.41
3.0,3.9,6.9,Leche,8.47
3.0,3.0,5.0,Leche,6.56
3.0,3.3,4.3,Cubo,6.2
3.0,3.9,4.4,Cubo,6.6
3.0,6.1,7.6,Desco,10.2
3.0,6.0,9.6,Desco,11.71
3.1,4.2,6.3,Cubo,8.18
3.1,5.3,11.8,Estaca,13.3
3.1,7.3,11.2,Desco,13.72
3.1,5.8,5.8,Desco,8.77
3.1,5.8,5.9,Desco,8.84
3.1,5.8,5.9,Desco,8.84
3.1,5.9,5.9,Desco,8.9
3.1,3.2,9.4,Estaca,10.4
3.1,3.1,9.1,Estaca,10.1
3.1,3.1,9.4,Estaca,10.37
3.1,3.2,9.4,Estaca,10.4
3.1,3.1,9.1,Estaca,10.1
3.1,3.1,9.4,Estaca,10.37
3.1,4.3,7.6,Leche,9.27
3.1,4.6,10.2,Estaca,11.61
3.1,3.1,4.7,Leche,6.43
3.1,6.0,10.2,Desco,12.23
3.1,5.5,9.5,Desco,11.41
3.1,9.0,11.0,Desco,14.55
3.1,3.1,6.0,Leche,7.43
3.1,3.1,11.2,Estaca,12.03
3.1,5.8,9.4,Desco,11.47
3.1,6.5,10.1,Desco,12.4
3.1,3.1,6.0,Leche,7.43
3.1,3.1,11.2,Estaca,12.03
3.1,5.8,9.4,Desco,11.47
3.1,3.5,4.5,Cubo,6.49
3.1,6.4,8.5,Desco,11.08
3.1,8.3,10.4,Desco,13.66
3.1,3.9,4.7,Cubo,6.85
3.1,6.3,8.0,Desco,10.64
3.1,6.6,11.7,Tabla,13.79
3.1,3.1,6.5,Estaca,7.84
3.1,3.1,12.4,Estaca,13.15
3.1,3.1,9.4,Estaca,10.37
3.1,3.1,11.5,Estaca,12.31
3.1,3.1,8.1,Estaca,9.21
3.1,6.4,9.5,Desco,11.87
3.1,3.1,4.3,Cubo,6.14
3.1,3.1,8.1,Estaca,9.21
3.1,6.4,9.5,Desco,11.87
3.1,3.3,8.1,Estaca,9.28
3.1,3.1,8.3,Estaca,9.39
3.1,6.6,16.8,Estaca,18.31
3.1,7.9,9.0,Desco,12.37
3.1,8.3,8.7,Desco,12.42
3.1,3.4,5.8,Leche,7.4
3.1,3.4,5.7,Leche,7.33
3.1,5.7,19.4,Estaca,20.46
3.1,5.6,5.9,Desco,8.71
3.1,3.2,6.4,Estaca,7.8
3.1,6.0,10.2,Desco,12.23
3.1,3.3,8.8,Estaca,9.9
3.1,5.1,11.3,Estaca,12.78
3.1,3.4,5.8,Leche,7.4
3.1,3.2,4.1,Cubo,6.05
3.1,3.3,8.8,Estaca,9.9
3.1,3.3,6.0,Leche,7.52
3.1,3.1,5.9,Leche,7.35
3.1,5.1,18.7,Estaca,19.63
3.1,10.6,12.3,Pizza,16.53
3.1,3.1,8.7,Estaca,9.74
3.1,8.5,9.8,Desco,13.34
3.1,3.4,5.7,Leche,7.33
3.1,8.7,10.4,Desco,13.91
3.1,7.3,11.2,Desco,13.72
3.1,6.7,12.7,Tabla,14.69
3.1,6.7,12.1,Tabla,14.17
3.1,7.3,11.2,Desco,13.72
3.1,6.7,12.7,Tabla,14.69
3.1,6.7,12.1,Tabla,14.17
3.1,4.2,6.3,Cubo,8.18
3.1,5.9,7.6,Desco,10.11
3.1,7.4,7.4,Desco,10.91
3.1,4.2,6.3,Cubo,8.18
3.1,5.1,13.2,Estaca,14.49
3.1,10.8,12.2,Pizza,16.59
3.1,3.1,4.9,Leche,6.57
3.1,8.6,12.6,Desco,15.57
3.1,7.4,9.2,Desco,12.21
3.1,7.2,10.7,Desco,13.26
3.1,5.7,9.2,Desco,11.26
3.1,3.1,6.0,Leche,7.43
3.1,5.4,9.3,Desco,11.19
3.1,11.8,11.8,Pizza,16.97
3.1,10.2,11.4,Pizza,15.61
3.1,11.0,11.4,Pizza,16.14
3.1,11.4,15.4,Pizza,19.41
3.1,3.1,5.5,Leche,7.03
3.1,8.2,9.8,Desco,13.15
3.1,11.8,11.8,Pizza,16.97
3.1,4.6,7.7,Desco,9.49
3.1,3.1,4.9,Leche,6.57
3.1,3.5,7.5,Estaca,8.84
3.1,3.2,6.1,Leche,7.55
3.1,3.5,6.2,Leche,7.77
3.1,3.6,4.0,Cubo,6.21
3.1,3.1,4.0,Cubo,5.93
3.1,6.0,7.7,Desco,10.24
3.1,13.1,13.5,Pizza,19.06
3.1,4.3,10.4,Estaca,11.67
3.2,3.2,10.4,Estaca,11.34
3.2,3.2,11.8,Estaca,12.64
3.2,3.3,11.8,Estaca,12.66
3.2,6.5,13.0,Tabla,14.88
3.2,5.8,5.9,Desco,8.87
3.2,5.8,5.9,Desco,8.87
3.2,8.0,11.6,Desco,14.45
3.2,4.2,12.4,Estaca,13.48
3.2,8.2,10.4,Desco,13.62
3.2,3.2,9.4,Estaca,10.43
3.2,3.2,9.4,Estaca,10.43
3.2,5.7,8.7,Desco,10.88
3.2,6.9,13.4,Tabla,15.41
3.2,8.1,9.5,Desco,12.89
3.2,9.4,13.1,Desco,16.44
3.2,5.3,7.4,Desco,9.65
3.2,5.2,11.1,Estaca,12.67
3.2,5.3,11.0,Estaca,12.62
3.2,4.9,5.7,Desco,8.17
3.2,3.4,5.0,Leche,6.84
3.2,6.1,14.6,Estaca,16.14
3.2,3.5,10.8,Estaca,11.8
3.2,3.5,10.8,Estaca,11.8
3.2,3.2,9.4,Estaca,10.43
3.2,7.4,10.3,Desco,13.08
3.2,7.4,10.3,Desco,13.08
3.2,5.3,7.4,Desco,9.65
3.2,5.3,11.1,Estaca,12.71
3.2,5.2,11.1,Estaca,12.67
3.2,5.3,11.0,Estaca,12.62
3.2,7.2,8.0,Desco,11.23
3.2,5.3,5.4,Desco,8.22
3.2,3.3,4.5,Cubo,6.43
3.2,5.3,7.4,Desco,9.65
3.2,5.3,11.0,Estaca,12.62
3.2,4.9,5.7,Desco,8.17
3.2,3.4,5.0,Leche,6.84
3.2,6.1,14.6,Estaca,16.14
3.2,5.2,11.1,Estaca,12.67
3.2,10.7,12.6,Pizza,16.84
3.2,3.7,4.1,Cubo,6.38
3.2,5.7,6.2,Desco,9.01
3.2,7.5,9.8,Desco,12.75
3.2,3.4,5.4,Leche,7.14
3.2,5.3,11.1,Estaca,12.71
3.2,5.3,11.0,Estaca,12.62
3.2,8.6,12.8,Desco,15.75
3.2,5.8,11.3,Tabla,13.1
3.2,3.9,5.5,Cubo,7.46
3.2,3.5,3.6,Cubo,5.95
3.2,5.4,8.0,Desco,10.17
3.2,9.1,13.1,Desco,16.27
3.2,7.3,11.1,Desco,13.67
3.2,3.5,5.4,Leche,7.19
3.2,5.7,8.0,Desco,10.33
3.2,7.3,11.1,Desco,13.67
3.2,5.4,10.8,Tabla,12.49
3.2,3.3,6.5,Estaca,7.96
3.2,4.2,12.4,Estaca,13.48
3.2,6.5,13.0,Tabla,14.88
3.2,7.0,11.7,Desco,14.0
3.2,6.5,13.9,Tabla,15.67
3.2,6.5,13.0,Tabla,14.88
3.2,7.0,11.7,Desco,14.0
3.2,6.5,13.9,Tabla,15.67
3.2,3.3,7.6,Estaca,8.88
3.2,9.4,11.6,Desco,15.27
3.2,7.6,11.3,Desco,13.99
3.2,3.2,8.2,Estaca,9.37
3.2,9.0,10.4,Desco,14.12
3.2,9.0,10.4,Desco,14.12
3.2,3.9,5.0,Cubo,7.1
3.2,3.3,5.2,Leche,6.94
3.2,7.1,16.0,Tabla,17.79
3.2,6.1,14.4,Estaca,15.96
3.3,6.3,11.5,Tabla,13.52
3.3,6.3,11.5,Tabla,13.52
3.3,5.2,9.0,Desco,10.91
3.3,3.3,5.9,Leche,7.52
3.3,5.4,11.0,Tabla,12.69
3.3,3.3,11.8,Estaca,12.69
3.3,5.9,11.0,Tabla,12.91
3.3,6.1,8.4,Desco,10.89
3.3,8.6,11.5,Desco,14.73
3.3,5.4,9.5,Desco,11.41
3.3,5.4,9.5,Desco,11.41
3.3,11.3,11.7,Pizza,16.6
3.3,11.3,11.7,Pizza,16.6
3.3,5.4,9.5,Desco,11.41
3.3,4.6,7.5,Desco,9.4
3.3,3.3,3.9,Cubo,6.08
3.3,5.3,9.1,Desco,11.04
3.3,8.1,8.9,Desco,12.48
3.3,5.9,13.6,Estaca,15.19
3.3,8.5,11.0,Desco,14.29
3.3,3.3,9.4,Estaca,10.49
3.3,5.4,11.0,Tabla,12.69
3.3,5.9,11.0,Tabla,12.91
3.3,6.2,11.3,Tabla,13.3
3.3,5.8,11.0,Tabla,12.87
3.3,5.8,11.3,Tabla,13.12
3.3,5.9,11.2,Tabla,13.08
3.3,5.1,9.6,Leche,11.36
3.3,5.3,7.4,Desco,9.68
3.3,5.9,11.2,Tabla,13.08
3.3,5.9,11.3,Tabla,13.17
3.3,5.9,11.0,Tabla,12.91
3.3,5.8,11.2,Tabla,13.04
3.3,3.3,4.6,Cubo,6.55
3.3,3.5,4.8,Cubo,6.8
3.3,6.3,6.7,Desco,9.77
3.3,5.4,7.6,Desco,9.89
3.3,5.6,8.9,Desco,11.02
3.3,3.4,9.7,Estaca,10.8
3.3,5.6,8.9,Desco,11.02
3.3,3.4,9.7,Estaca,10.8
3.3,3.5,9.6,Estaca,10.74
3.3,6.1,10.5,Desco,12.58
3.3,5.2,5.3,Desco,8.13
3.3,6.3,11.3,Tabla,13.35
3.3,8.1,8.5,Desco,12.2
3.3,3.4,4.6,Cubo,6.6
3.3,4.5,7.9,Leche,9.67
3.3,4.3,7.9,Leche,9.58
3.3,6.3,11.5,Tabla,13.52
3.3,6.3,8.1,Desco,10.78
3.3,12.0,13.1,Pizza,18.07
3.3,5.4,11.0,Tabla,12.69
3.3,5.9,11.0,Tabla,12.91
3.3,3.3,4.5,Cubo,6.48
3.3,6.2,11.3,Tabla,13.3
3.3,5.8,11.0,Tabla,12.87
3.3,5.8,11.3,Tabla,13.12
3.3,5.9,11.2,Tabla,13.08
3.3,5.1,9.6,Leche,11.36
3.3,5.4,11.0,Tabla,12.69
3.3,3.3,4.5,Cubo,6.48
3.3,5.9,11.3,Tabla,13.17
3.3,5.4,11.0,Tabla,12.69
3.3,5.9,11.0,Tabla,12.91
3.3,6.2,11.3,Tabla,13.3
3.3,5.8,11.0,Tabla,12.87
3.3,5.8,11.3,Tabla,13.12
3.3,5.9,11.2,Tabla,13.08
3.3,5.1,9.6,Leche,11.36
3.3,5.3,7.4,Desco,9.68
3.3,5.9,11.2,Tabla,13.08
3.3,5.9,11.3,Tabla,13.17
3.3,5.8,11.2,Tabla,13.04
3.3,3.3,4.6,Cubo,6.55
3.3,5.9,11.0,Tabla,12.91
3.3,5.9,11.2,Tabla,13.08
3.3,5.9,11.1,Tabla,13.0
3.3,3.3,4.6,Cubo,6.55
3.3,3.3,4.5,Cubo,6.48
3.3,3.5,3.5,Cubo,5.95
3.3,5.9,11.2,Tabla,13.08
3.3,5.9,11.2,Tabla,13.08
3.3,5.9,11.2,Tabla,13.08
3.3,12.8,16.0,Pizza,20.75
3.3,10.1,10.2,Desco,14.73
3.3,5.3,11.1,Estaca,12.74
3.3,3.3,3.3,Cubo,5.72
3.3,5.8,11.3,Tabla,13.12
3.3,5.8,11.3,Tabla,13.12
3.3,9.0,10.6,Desco,14.29
3.3,3.4,7.0,Estaca,8.45
3.3,4.5,5.3,Cubo,7.7
3.3,5.4,11.0,Tabla,12.69
3.3,5.2,6.6,Desco,9.03
3.3,3.3,6.0,Leche,7.6
3.3,3.7,4.8,Cubo,6.9
3.3,3.3,12.2,Estaca,13.06
3.3,3.3,12.2,Estaca,13.06
3.3,5.4,11.7,Estaca,13.3
3.3,6.0,9.3,Desco,11.55
3.3,6.3,14.5,Estaca,16.15
3.3,6.5,11.0,Desco,13.2
3.3,12.0,16.0,Pizza,20.27
3.3,7.6,13.3,Tabla,15.67
3.3,5.4,11.7,Estaca,13.3
3.3,6.0,9.3,Desco,11.55
3.3,6.3,14.5,Estaca,16.15
3.3,6.5,11.0,Desco,13.2
3.3,12.0,16.0,Pizza,20.27
3.3,7.6,13.3,Tabla,15.67
3.3,8.4,8.9,Desco,12.68
3.3,3.7,6.7,Leche,8.33
3.3,4.1,8.2,Estaca,9.74
3.3,3.3,6.3,Leche,7.84
3.3,10.6,15.3,Pizza,18.9
3.3,4.1,11.5,Estaca,12.65
3.3,11.5,11.5,Pizza,16.59
3.3,3.9,4.7,Cubo,6.94
3.3,6.7,6.9,Desco,10.17
3.3,6.3,11.7,Tabla,13.69
3.3,6.8,8.2,Desco,11.15
3.3,3.7,8.2,Estaca,9.58
3.3,3.7,3.8,Cubo,6.25
3.3,4.2,4.4,Cubo,6.92
3.3,3.3,4.7,Leche,6.62
3.3,3.5,7.0,Estaca,8.49
3.3,4.3,11.4,Estaca,12.62
3.3,3.3,8.7,Estaca,9.87
3.4,8.6,11.6,Desco,14.84
3.4,11.3,14.5,Pizza,18.69
3.4,7.5,9.0,Desco,12.2
3.4,4.9,14.1,Estaca,15.31
3.4,5.6,9.2,Desco,11.29
3.4,5.0,9.2,Leche,11.01
3.4,3.4,3.9,Cubo,6.19
3.4,6.3,9.9,Desco,12.22
3.4,6.2,13.3,Tabla,15.06
3.4,7.1,8.5,Desco,11.59
3.4,5.9,11.2,Tabla,13.11
3.4,5.5,10.9,Tabla,12.67
3.4,5.5,10.9,Tabla,12.67
3.4,5.5,11.0,Tabla,12.76
3.4,5.7,10.9,Tabla,12.76
3.4,6.3,7.2,Desco,10.15
3.4,5.7,17.1,Estaca,18.34
3.4,4.2,9.7,Estaca,11.1
3.4,6.9,8.7,Desco,11.61
3.4,6.2,6.2,Desco,9.4
3.4,6.3,13.7,Tabla,15.46
3.4,5.9,11.2,Tabla,13.11
3.4,3.5,4.4,Cubo,6.57
3.4,5.5,10.9,Tabla,12.67
3.4,5.5,10.9,Tabla,12.67
3.4,5.5,11.0,Tabla,12.76
3.4,3.5,4.4,Cubo,6.57
3.4,4.2,8.0,Leche,9.65
3.4,8.1,10.4,Desco,13.61
3.4,3.4,3.5,Cubo,5.95
3.4,4.3,6.7,Leche,8.66
3.4,5.9,11.2,Tabla,13.11
3.4,5.5,10.9,Tabla,12.67
3.4,5.5,10.9,Tabla,12.67
3.4,5.5,11.0,Tabla,12.76
3.4,5.7,10.9,Tabla,12.76
3.4,6.2,14.1,Estaca,15.77
3.4,7.0,8.1,Desco,11.23
3.4,3.4,3.4,Cubo,5.89
3.4,7.4,10.6,Desco,13.37
3.4,6.0,11.3,Tabla,13.24
3.4,6.1,7.4,Desco,10.17
3.4,3.5,4.4,Cubo,6.57
3.4,5.9,11.2,Tabla,13.11
3.4,3.4,3.4,Cubo,5.89
3.4,4.4,7.0,Cubo,8.94
3.4,6.3,11.3,Tabla,13.38
3.4,5.5,11.0,Tabla,12.76
3.4,6.3,11.3,Tabla,13.38
3.4,3.5,4.6,Cubo,6.71
3.4,3.5,3.5,Cubo,6.0
3.4,5.7,11.2,Tabla,13.02
3.4,6.9,11.0,Desco,13.42
3.4,5.7,10.9,Tabla,12.76
3.4,5.0,8.9,Leche,10.76
3.4,7.1,11.3,Desco,13.77
3.4,9.4,11.9,Desco,15.54
3.4,5.7,10.9,Tabla,12.76
3.4,5.0,8.9,Leche,10.76
3.4,7.1,11.3,Desco,13.77
3.4,9.4,11.9,Desco,15.54
3.4,3.5,3.5,Cubo,6.0
3.4,3.4,7.5,Estaca,8.91
3.4,9.2,10.9,Desco,14.66
3.4,4.8,10.3,Estaca,11.86
3.4,9.7,11.5,Desco,15.42
3.4,8.9,10.8,Desco,14.4
3.4,3.4,8.6,Estaca,9.85
3.4,7.0,8.9,Desco,11.82
3.4,4.4,9.5,Estaca,11.01
3.5,9.2,9.8,Desco,13.89
3.5,9.3,11.3,Desco,15.05
3.5,3.6,12.5,Estaca,13.47
3.5,5.4,11.5,Estaca,13.18
3.5,3.6,5.7,Leche,7.6
3.5,6.0,8.7,Desco,11.13
3.5,6.1,9.8,Desco,12.06
3.5,8.5,11.3,Desco,14.57
3.5,3.6,5.9,Leche,7.75
3.5,3.6,5.9,Leche,7.75
3.5,4.7,5.9,Cubo,8.32
3.5,5.4,11.5,Estaca,13.18
3.5,6.0,8.7,Desco,11.13
3.5,5.4,13.2,Estaca,14.69
3.5,3.6,5.0,Cubo,7.09
3.5,9.4,10.0,Desco,14.16
3.5,6.1,9.6,Desco,11.9
3.5,3.6,8.8,Estaca,10.13
3.5,4.5,13.7,Estaca,14.84
3.5,4.5,13.7,Estaca,14.84
3.5,3.6,8.8,Estaca,10.13
3.5,3.9,3.9,Cubo,6.53
3.5,7.1,8.3,Desco,11.47
3.5,3.6,8.3,Estaca,9.7
3.5,5.2,8.3,Desco,10.4
3.5,3.5,4.5,Cubo,6.69
3.5,6.5,9.5,Desco,12.03
3.5,3.5,3.5,Cubo,6.06
3.5,5.4,5.6,Desco,8.53
3.5,5.6,10.9,Tabla,12.74
3.5,5.5,10.8,Tabla,12.62
3.5,3.5,3.5,Cubo,6.06
3.5,4.8,6.9,Desco,9.1
3.5,3.5,3.5,Cubo,6.06
3.5,5.1,5.9,Desco,8.55
3.5,8.5,12.5,Desco,15.52
3.5,3.5,4.9,Cubo,6.96
3.5,9.3,12.7,Desco,16.13
3.5,5.5,16.6,Estaca,17.83
3.5,3.6,5.7,Leche,7.6
3.5,6.0,8.7,Desco,11.13
3.5,6.3,9.1,Desco,11.61
3.5,6.1,10.1,Desco,12.31
3.5,3.6,5.6,Leche,7.52
3.5,6.7,13.6,Tabla,15.56
3.5,6.9,11.6,Desco,13.94
3.5,6.8,11.1,Desco,13.48
3.5,3.7,11.1,Estaca,12.21
3.5,3.6,5.7,Leche,7.6
3.5,6.0,8.7,Desco,11.13
3.5,6.3,9.1,Desco,11.61
3.5,6.1,10.1,Desco,12.31
3.5,3.6,5.6,Leche,7.52
3.5,6.7,13.6,Tabla,15.56
3.5,6.9,11.6,Desco,13.94
3.5,6.8,11.1,Desco,13.48
3.5,3.7,11.1,Estaca,12.21
3.5,5.5,7.2,Desco,9.71
3.5,8.2,13.9,Tabla,16.51
3.5,6.2,9.1,Desco,11.55
3.5,8.2,13.9,Tabla,16.51
3.5,6.2,9.1,Desco,11.55
3.5,7.9,8.3,Desco,11.98
3.5,8.9,8.9,Desco,13.06
3.5,4.2,8.1,Leche,9.77
3.5,7.1,10.1,Desco,12.83
3.5,6.7,11.8,Tabla,14.01
3.5,9.5,13.2,Desco,16.64
3.5,7.1,11.0,Desco,13.55
3.5,7.1,11.0,Desco,13.55
3.5,7.1,11.0,Desco,13.55
3.5,3.8,5.4,Cubo,7.47
3.5,9.1,15.0,Tabla,17.89
3.5,7.9,10.2,Desco,13.37
3.5,4.1,5.0,Cubo,7.35
3.5,5.9,11.3,Tabla,13.22
3.5,3.5,14.3,Estaca,15.13
3.5,4.8,13.9,Estaca,15.12
3.5,3.5,10.7,Estaca,11.79
3.6,3.7,10.6,Estaca,11.79
3.6,7.8,11.5,Desco,14.35
3.6,8.4,12.9,Desco,15.81
3.6,6.6,14.6,Estaca,16.42
3.6,6.6,14.6,Estaca,16.42
3.6,6.6,14.6,Estaca,16.42
3.6,3.6,5.6,Leche,7.57
3.6,10.1,12.2,Desco,16.24
3.6,11.5,14.6,Desco,18.93
3.6,5.4,9.1,Desco,11.18
3.6,5.5,10.8,Tabla,12.64
3.6,3.6,3.6,Cubo,6.24
3.6,3.7,3.7,Cubo,6.35
3.6,4.2,5.4,Cubo,7.73
3.6,5.0,5.3,Desco,8.13
3.6,5.5,10.8,Tabla,12.64
3.6,3.7,3.7,Cubo,6.35
3.6,7.5,7.8,Desco,11.4
3.6,5.8,8.7,Desco,11.06
3.6,4.3,4.4,Cubo,7.13
3.6,12.8,13.4,Pizza,18.88
3.6,7.0,9.4,Desco,12.26
3.6,3.7,12.1,Estaca,13.16
3.6,4.4,5.2,Cubo,7.7
3.6,5.7,13.7,Estaca,15.27
3.6,3.7,12.9,Estaca,13.89
3.6,6.4,11.9,Tabla,13.98
3.6,4.9,9.8,Estaca,11.53
3.6,7.2,9.6,Desco,12.53
3.6,6.4,11.9,Tabla,13.98
3.6,4.9,9.8,Estaca,11.53
3.6,7.2,9.6,Desco,12.53
3.6,7.8,11.5,Desco,14.35
3.6,9.1,11.9,Desco,15.41
3.6,8.6,10.8,Desco,14.27
3.6,9.3,16.5,Tabla,19.28
3.6,7.8,11.5,Desco,14.35
3.6,6.7,12.0,Tabla,14.21
3.6,5.5,6.0,Desco,8.9
3.6,7.6,11.3,Desco,14.09
3.6,3.8,5.4,Leche,7.52
3.6,3.8,5.4,Leche,7.52
3.6,8.9,10.7,Desco,14.38
3.6,3.6,3.9,Cubo,6.41
3.6,9.0,9.6,Desco,13.64
3.6,3.7,4.7,Cubo,6.98
3.6,9.2,10.0,Desco,14.06
3.6,4.3,11.0,Estaca,12.35
3.6,3.8,10.0,Estaca,11.29
3.6,4.0,10.8,Estaca,12.07
3.7,3.7,12.2,Estaca,13.27
3.7,3.9,10.2,Estaca,11.53
3.7,3.8,12.4,Estaca,13.49
3.7,3.9,12.2,Estaca,13.33
3.7,3.7,5.3,Leche,7.45
3.7,4.3,5.8,Cubo,8.11
3.7,4.3,5.8,Cubo,8.11
3.7,3.9,9.4,Estaca,10.83
3.7,3.7,9.4,Estaca,10.76
3.7,4.3,5.8,Cubo,8.11
3.7,3.9,9.4,Estaca,10.83
3.7,3.7,9.4,Estaca,10.76
3.7,8.3,10.5,Desco,13.89
3.7,6.0,14.4,Estaca,16.03
3.7,6.6,7.7,Desco,10.8
3.7,8.5,10.1,Desco,13.71
3.7,7.0,8.6,Desco,11.69
3.7,8.5,10.1,Desco,13.71
3.7,9.8,12.4,Desco,16.23
3.7,7.3,9.8,Desco,12.77
3.7,4.7,8.3,Leche,10.23
3.7,6.2,9.3,Desco,11.77
3.7,6.2,9.3,Desco,11.77
3.7,3.8,9.0,Estaca,10.45
3.7,3.8,9.1,Estaca,10.53
3.7,4.5,5.0,Cubo,7.68
3.7,9.5,9.8,Desco,14.14
3.7,3.8,9.8,Estaca,11.14
3.7,5.9,11.5,Tabla,13.44
3.7,5.7,8.3,Desco,10.73
3.7,7.4,11.3,Desco,14.0
3.7,3.7,7.8,Estaca,9.39
3.7,8.3,11.7,Desco,14.81
3.7,9.4,17.8,Tabla,20.47
3.7,3.7,4.7,Cubo,7.03
3.7,3.7,5.7,Leche,7.74
3.7,7.4,10.9,Desco,13.68
3.7,7.4,10.9,Desco,13.68
3.7,6.1,14.4,Estaca,16.07
3.7,7.4,10.6,Desco,13.45
3.7,7.2,10.0,Desco,12.87
3.7,8.2,14.3,Tabla,16.89
3.7,6.2,12.8,Tabla,14.7
3.7,6.1,14.5,Estaca,16.16
3.7,9.1,13.0,Desco,16.29
3.7,6.1,14.4,Estaca,16.07
3.7,7.4,10.6,Desco,13.45
3.7,7.2,10.0,Desco,12.87
3.7,8.2,14.3,Tabla,16.89
3.7,6.2,12.8,Tabla,14.7
3.7,6.1,14.5,Estaca,16.16
3.7,9.1,13.0,Desco,16.29
3.7,8.9,12.4,Desco,15.71
3.7,4.1,4.1,Cubo,6.88
3.7,3.7,5.5,Leche,7.59
3.7,7.7,11.1,Desco,14.01
3.7,6.7,10.1,Desco,12.67
3.7,4.3,6.8,Leche,8.86
3.7,3.8,6.5,Leche,8.39
3.7,3.7,6.4,Leche,8.27
3.7,12.9,13.4,Pizza,18.96
3.7,5.3,10.4,Estaca,12.24
3.8,6.2,11.3,Desco,13.44
3.8,8.0,11.5,Desco,14.52
3.8,8.0,11.5,Desco,14.52
3.8,8.0,11.5,Desco,14.52
3.8,8.2,10.2,Desco,13.63
3.8,7.2,8.0,Desco,11.41
3.8,8.7,13.4,Desco,16.42
3.8,4.9,9.4,Leche,11.26
3.8,5.7,6.1,Desco,9.17
3.8,6.3,7.8,Desco,10.72
3.8,3.9,8.4,Estaca,10.01
3.8,9.4,11.1,Desco,15.03
3.8,3.9,8.4,Estaca,10.01
3.8,9.4,11.1,Desco,15.03
3.8,4.1,5.9,Leche,8.13
3.8,4.1,5.9,Leche,8.13
3.8,7.8,14.7,Tabla,17.07
3.8,3.9,7.0,Leche,8.87
3.8,6.2,11.3,Desco,13.44
3.8,4.4,4.4,Cubo,7.29
3.8,6.2,11.3,Desco,13.44
3.8,4.9,9.4,Leche,11.26
3.8,4.4,5.2,Cubo,7.8
3.8,4.4,4.4,Cubo,7.29
3.8,4.5,6.0,Cubo,8.41
3.8,6.3,11.5,Desco,13.65
3.8,6.3,11.3,Desco,13.48
3.8,6.2,11.3,Desco,13.44
3.8,6.5,11.4,Desco,13.66
3.8,6.4,11.4,Desco,13.61
3.8,6.5,11.4,Desco,13.66
3.8,7.4,11.4,Desco,14.11
3.8,11.3,13.0,Desco,17.64
3.8,4.4,5.2,Cubo,7.8
3.8,4.0,5.3,Cubo,7.65
3.8,5.4,13.4,Estaca,14.94
3.8,5.4,13.4,Estaca,14.94
3.8,5.7,11.8,Estaca,13.64
3.8,6.2,10.1,Desco,12.45
3.8,5.7,11.8,Estaca,13.64
3.8,6.2,10.1,Desco,12.45
3.8,3.9,9.0,Estaca,10.52
3.8,8.4,12.7,Desco,15.69
3.8,4.0,5.8,Leche,8.0
3.8,3.9,6.5,Leche,8.48
3.8,3.9,6.5,Leche,8.48
3.8,4.5,5.8,Cubo,8.27
3.9,6.4,10.8,Desco,13.15
3.9,5.6,5.9,Desco,9.02
3.9,9.9,11.8,Desco,15.89
3.9,6.4,10.8,Desco,13.15
3.9,5.6,5.9,Desco,9.02
3.9,5.7,5.7,Desco,8.95
3.9,7.7,15.1,Tabla,17.39
3.9,6.9,11.2,Desco,13.72
3.9,3.9,8.6,Estaca,10.22
3.9,3.9,8.6,Estaca,10.22
3.9,8.3,10.8,Desco,14.17
3.9,8.3,10.8,Desco,14.17
3.9,3.9,8.6,Estaca,10.22
3.9,7.7,15.1,Tabla,17.39
3.9,3.9,7.4,Leche,9.23
3.9,3.9,7.1,Leche,8.99
3.9,3.9,5.4,Cubo,7.72
3.9,5.2,10.0,Leche,11.93
3.9,5.2,11.2,Estaca,12.95
3.9,8.0,8.4,Desco,12.24
3.9,8.0,8.4,Desco,12.24
3.9,5.2,11.2,Estaca,12.95
3.9,4.1,10.3,Estaca,11.75
3.9,6.5,8.6,Desco,11.46
3.9,8.8,11.2,Desco,14.77
3.9,6.3,7.9,Desco,10.83
3.9,5.6,5.9,Desco,9.02
3.9,5.7,5.7,Desco,8.95
3.9,6.5,11.3,Desco,13.61
3.9,6.7,7.8,Desco,11.0
3.9,7.8,12.1,Desco,14.92
3.9,3.9,5.4,Cubo,7.72
3.9,7.8,12.1,Desco,14.92
3.9,3.9,5.4,Cubo,7.72
3.9,6.2,11.2,Desco,13.38
3.9,4.3,6.2,Leche,8.49
3.9,3.9,5.4,Cubo,7.72
3.9,8.1,10.9,Desco,14.13
3.9,4.4,4.4,Cubo,7.34
3.9,6.2,11.2,Desco,13.38
3.9,3.9,6.1,Leche,8.22
3.9,6.3,11.4,Desco,13.6
3.9,6.4,11.3,Desco,13.56
3.9,6.2,11.4,Desco,13.55
3.9,4.4,4.4,Cubo,7.34
3.9,7.2,10.2,Desco,13.08
3.9,6.4,10.8,Desco,13.15
3.9,7.7,15.1,Tabla,17.39
3.9,6.9,11.2,Desco,13.72
3.9,6.5,9.3,Desco,12.0
3.9,5.8,14.5,Estaca,16.1
3.9,5.9,8.8,Desco,11.29
3.9,6.8,12.2,Desco,14.5
3.9,8.0,12.5,Desco,15.34
3.9,8.7,12.8,Desco,15.96
3.9,9.8,15.1,Desco,18.42
3.9,7.0,13.3,Tabla,15.53
3.9,6.1,10.2,Desco,12.51
3.9,6.4,10.8,Desco,13.15
3.9,7.7,15.1,Tabla,17.39
3.9,6.9,11.2,Desco,13.72
3.9,6.5,9.3,Desco,12.0
3.9,5.8,14.5,Estaca,16.1
3.9,5.9,8.8,Desco,11.29
3.9,6.8,12.2,Desco,14.5
3.9,8.0,12.5,Desco,15.34
3.9,8.7,12.8,Desco,15.96
3.9,9.8,15.1,Desco,18.42
3.9,7.0,13.3,Tabla,15.53
3.9,6.1,10.2,Desco,12.51
3.9,5.5,14.2,Estaca,15.72
3.9,5.5,14.2,Estaca,15.72
3.9,5.5,14.2,Estaca,15.72
3.9,5.5,14.2,Estaca,15.72
3.9,11.0,13.8,Desco,18.07
3.9,8.7,9.2,Desco,13.25
3.9,8.8,12.0,Desco,15.38
3.9,9.8,13.0,Desco,16.74
3.9,10.2,10.2,Desco,14.94
3.9,9.8,10.2,Desco,14.67
3.9,9.4,9.5,Desco,13.92
3.9,9.8,13.0,Desco,16.74
3.9,9.1,15.0,Tabla,17.97
3.9,3.9,3.9,Cubo,6.75
3.9,7.9,11.0,Desco,14.09
3.9,12.0,13.9,Desco,18.77
3.9,10.1,13.6,Desco,17.38
3.9,4.0,4.6,Cubo,7.24
3.9,5.0,7.2,Cubo,9.59
3.9,4.1,8.1,Estaca,9.88
3.9,4.9,14.5,Estaca,15.79
3.9,4.0,10.1,Estaca,11.54
4.0,4.1,5.9,Leche,8.22
4.0,6.2,6.3,Cubo,9.7
4.0,8.3,10.8,Desco,14.2
4.0,4.0,9.4,Estaca,10.97
4.0,4.1,9.4,Estaca,11.01
4.0,4.0,9.4,Estaca,10.97
4.0,4.1,9.4,Estaca,11.01
4.0,5.8,13.5,Estaca,15.23
4.0,7.6,8.6,Desco,12.15
4.0,6.2,9.1,Desco,11.72
4.0,5.1,6.8,Cubo,9.39
4.0,7.7,11.7,Desco,14.57
4.0,11.0,12.9,Desco,17.42
4.0,5.7,7.1,Desco,9.94
4.0,4.1,5.9,Leche,8.22
4.0,4.3,4.5,Cubo,7.4
4.0,4.3,4.5,Cubo,7.4
4.0,8.0,12.0,Desco,14.97
4.0,4.2,6.1,Leche,8.42
4.0,4.2,6.1,Leche,8.42
4.0,8.0,12.0,Desco,14.97
4.0,4.1,5.9,Leche,8.22
4.0,4.1,5.9,Leche,8.22
4.0,4.1,4.7,Cubo,7.41
4.0,4.1,4.8,Cubo,7.47
4.0,4.1,7.2,Leche,9.2
4.0,6.3,13.2,Estaca,15.16
4.0,5.9,11.1,Leche,13.19
4.0,6.3,9.1,Desco,11.77
4.0,10.6,12.3,Desco,16.72
4.0,9.2,12.8,Desco,16.26
4.0,6.1,13.5,Estaca,15.34
4.0,5.9,11.1,Leche,13.19
4.0,6.3,9.1,Desco,11.77
4.0,10.6,12.3,Desco,16.72
4.0,9.2,12.8,Desco,16.26
4.0,6.1,13.5,Estaca,15.34
4.0,9.1,12.7,Desco,16.13
4.0,8.7,10.1,Desco,13.92
4.0,8.0,11.8,Desco,14.81
4.0,7.6,8.0,Desco,11.74
4.0,4.9,12.7,Estaca,14.19
4.0,6.5,9.8,Desco,12.42
4.0,4.0,11.1,Estaca,12.46
4.0,4.0,11.1,Estaca,12.46
4.0,7.6,8.0,Desco,11.74
4.0,4.9,12.7,Estaca,14.19
4.0,5.0,6.6,Cubo,9.2
4.0,5.3,6.0,Cubo,8.95
4.0,4.1,7.4,Leche,9.36
4.1,8.1,9.7,Desco,13.29
4.1,7.7,10.1,Desco,13.35
4.1,7.0,9.6,Desco,12.57
4.1,7.0,9.6,Desco,12.57
4.1,8.2,10.9,Desco,14.24
4.1,8.2,10.9,Desco,14.24
4.1,7.5,15.2,Tabla,17.44
4.1,7.5,14.4,Tabla,16.75
4.1,5.4,12.3,Estaca,14.04
4.1,4.1,4.3,Cubo,7.22
4.1,9.8,12.8,Desco,16.63
4.1,6.9,8.8,Desco,11.91
4.1,4.1,4.7,Cubo,7.46
4.1,4.8,10.4,Estaca,12.17
4.1,6.3,11.3,Desco,13.57
4.1,4.1,4.7,Cubo,7.46
4.1,4.1,9.7,Estaca,11.3
4.1,6.1,13.3,Estaca,15.2
4.1,4.3,6.2,Leche,8.59
4.1,6.2,9.4,Desco,11.98
4.1,6.3,9.7,Desco,12.27
4.1,6.2,9.3,Desco,11.91
4.1,10.7,12.7,Desco,17.11
4.1,7.7,15.2,Tabla,17.53
4.1,5.7,12.1,Estaca,13.99
4.1,10.7,12.7,Desco,17.11
4.1,7.7,15.2,Tabla,17.53
4.1,5.7,12.1,Estaca,13.99
4.1,9.5,10.8,Desco,14.96
4.1,9.5,10.8,Desco,14.96
4.1,8.5,12.9,Desco,15.98
4.1,9.1,10.2,Desco,14.27
4.1,4.1,4.9,Cubo,7.59
4.1,4.1,5.5,Cubo,7.99
4.1,8.5,12.4,Desco,15.58
4.1,4.3,13.3,Estaca,14.57
4.1,7.6,15.6,Tabla,17.83
4.1,4.1,5.5,Cubo,7.99
4.1,4.3,13.3,Estaca,14.57
4.1,5.1,13.9,Estaca,15.36
4.2,8.2,9.8,Desco,13.45
4.2,4.7,6.6,Cubo,9.13
4.2,6.7,11.6,Desco,14.04
4.2,8.8,11.4,Desco,15.0
4.2,4.4,8.6,Leche,10.53
4.2,10.5,10.5,Desco,15.43
4.2,4.3,5.6,Cubo,8.22
4.2,4.2,5.3,Cubo,7.96
4.2,5.9,11.9,Estaca,13.93
4.2,4.2,5.3,Cubo,7.96
4.2,5.9,11.9,Estaca,13.93
4.2,4.2,11.8,Estaca,13.21
4.2,8.8,12.0,Desco,15.46
4.2,6.8,7.8,Desco,11.17
4.2,5.9,15.4,Estaca,17.02
4.2,9.3,15.0,Desco,18.14
4.2,9.3,15.0,Desco,18.14
4.2,4.5,6.6,Leche,9.02
4.2,5.7,10.9,Leche,13.0
4.2,5.7,10.8,Leche,12.91
4.2,4.3,13.4,Estaca,14.69
4.2,7.4,7.7,Desco,11.48
4.2,6.5,10.8,Desco,13.29
4.2,12.8,15.4,Desco,20.46
4.2,7.8,10.8,Desco,13.97
4.2,8.8,9.0,Desco,13.27
4.2,4.6,12.0,Estaca,13.52
4.2,4.3,13.4,Estaca,14.69
4.2,5.5,6.4,Cubo,9.43
4.3,5.4,12.7,Estaca,14.45
4.3,7.9,15.3,Tabla,17.75
4.3,6.1,7.6,Desco,10.65
4.3,7.9,15.3,Tabla,17.75
4.3,5.3,8.4,Leche,10.82
4.3,7.6,8.7,Desco,12.33
4.3,11.2,13.8,Desco,18.29
4.3,4.5,6.1,Cubo,8.71
4.3,5.4,6.5,Cubo,9.48
4.3,10.0,15.6,Desco,19.02
4.3,5.4,6.5,Cubo,9.48
4.3,10.0,15.6,Desco,19.02
4.3,7.1,14.6,Estaca,16.79
4.3,6.5,9.4,Desco,12.21
4.3,7.0,8.9,Desco,12.11
4.3,4.3,4.4,Cubo,7.51
4.3,4.4,5.6,Cubo,8.32
4.3,5.5,11.0,Estaca,13.03
4.3,4.3,4.4,Cubo,7.51
4.3,7.9,15.6,Tabla,18.01
4.3,4.3,4.3,Cubo,7.45
4.3,6.3,13.0,Estaca,15.07
4.3,7.7,10.8,Desco,13.94
4.3,9.8,12.6,Desco,16.53
4.3,4.3,4.3,Cubo,7.45
4.3,6.1,7.6,Desco,10.65
4.3,10.5,13.5,Desco,17.63
4.3,10.5,13.5,Desco,17.63
4.3,5.5,8.7,Leche,11.15
4.3,9.4,9.8,Desco,14.24
4.3,9.8,11.9,Desco,16.0
4.3,9.4,9.8,Desco,14.24
4.3,11.0,11.4,Desco,16.41
4.3,5.4,6.1,Cubo,9.21
4.3,6.1,9.6,Desco,12.16
4.3,7.9,11.7,Desco,14.76
4.3,6.7,10.0,Desco,12.78
4.4,4.4,13.1,Estaca,14.5
4.4,7.8,9.4,Desco,12.98
4.4,7.9,15.4,Tabla,17.86
4.4,10.0,10.8,Desco,15.36
4.4,10.0,10.6,Desco,15.22
4.4,10.1,10.7,Desco,15.36
4.4,5.6,12.9,Estaca,14.74
4.4,5.6,12.9,Estaca,14.74
4.4,5.4,6.6,Cubo,9.6
4.4,5.3,6.8,Cubo,9.68
4.4,5.6,12.9,Estaca,14.74
4.4,5.4,6.6,Cubo,9.6
4.4,5.3,6.8,Cubo,9.68
4.4,5.4,6.6,Cubo,9.6
4.4,6.4,10.0,Desco,12.66
4.4,6.8,15.9,Estaca,17.84
4.4,5.8,9.0,Cubo,11.58
4.4,5.4,13.0,Estaca,14.75
4.4,8.1,8.8,Desco,12.74
4.4,7.4,8.6,Desco,12.17
4.4,5.4,7.1,Cubo,9.95
4.4,7.1,10.6,Desco,13.5
4.4,6.6,9.2,Desco,12.15
4.4,7.1,10.6,Desco,13.5
4.4,6.6,9.2,Desco,12.15
4.4,6.6,9.1,Desco,12.07
4.4,8.8,12.4,Desco,15.83
4.4,6.1,9.4,Desco,12.04
4.4,6.1,9.5,Desco,12.12
4.4,6.1,9.4,Desco,12.04
4.4,5.2,14.9,Estaca,16.38
4.4,5.7,15.9,Estaca,17.45
4.4,5.0,7.6,Leche,10.11
4.4,11.3,11.6,Desco,16.78
4.4,5.6,16.5,Estaca,17.97
4.4,5.7,16.5,Estaca,18.0
4.4,5.6,16.5,Estaca,17.97
4.4,4.6,14.3,Estaca,15.65
4.4,5.3,10.1,Leche,12.23
4.4,6.7,12.1,Leche,14.51
4.4,4.4,15.1,Estaca,16.33
4.4,4.5,15.1,Estaca,16.36
4.4,7.9,15.4,Tabla,17.86
4.4,7.9,15.4,Tabla,17.86
4.4,4.5,7.5,Leche,9.79
4.4,6.5,9.1,Desco,12.02
4.4,6.3,11.1,Leche,13.5
4.4,7.3,9.9,Desco,13.06
4.4,10.4,11.8,Desco,16.33
4.4,9.1,12.4,Desco,16.0
4.4,4.7,8.6,Leche,10.74
4.5,12.4,13.2,Desco,18.66
4.5,12.4,13.2,Desco,18.66
4.5,12.4,13.2,Desco,18.66
4.5,6.9,15.6,Estaca,17.64
4.5,7.6,15.6,Tabla,17.93
4.5,6.3,9.1,Desco,11.95
4.5,6.1,6.2,Cubo,9.79
4.5,9.1,12.1,Desco,15.79
4.5,5.8,9.5,Leche,12.01
4.5,9.1,12.1,Desco,15.79
4.5,5.3,7.4,Cubo,10.15
4.5,5.8,9.5,Leche,12.01
4.5,4.6,7.7,Leche,10.03
4.5,6.5,9.4,Desco,12.28
4.5,6.5,9.4,Desco,12.28
4.5,4.7,14.3,Estaca,15.71
4.5,6.9,8.7,Desco,11.98
4.5,6.1,6.2,Cubo,9.79
4.5,6.9,8.7,Desco,11.98
4.5,5.6,16.4,Estaca,17.9
4.5,4.6,7.8,Leche,10.11
4.5,4.7,7.1,Leche,9.63
4.5,6.2,11.5,Leche,13.82
4.5,8.9,12.2,Desco,15.76
4.5,5.7,9.2,Leche,11.72
4.5,8.9,12.2,Desco,15.76
4.5,6.3,9.2,Desco,12.02
4.5,6.3,9.2,Desco,12.02
4.5,5.6,13.9,Estaca,15.65
4.5,6.0,8.9,Cubo,11.64
4.5,5.3,5.5,Cubo,8.87
4.5,4.7,4.9,Cubo,8.15
4.5,4.5,6.5,Leche,9.1
4.5,4.6,6.4,Cubo,9.08
4.5,5.7,14.5,Estaca,16.22
4.5,7.7,11.6,Desco,14.63
4.5,9.2,12.2,Desco,15.93
4.5,7.3,11.6,Desco,14.43
4.5,4.7,8.6,Leche,10.78
4.5,9.3,12.2,Desco,15.99
4.6,4.7,14.8,Estaca,16.2
4.6,10.5,17.4,Tabla,20.84
4.6,10.5,17.4,Tabla,20.84
4.6,4.6,14.8,Estaca,16.17
4.6,6.2,6.3,Cubo,9.96
4.6,10.5,16.1,Desco,19.76
4.6,10.6,16.1,Desco,19.82
4.6,11.4,13.1,Desco,17.96
4.6,11.4,13.1,Desco,17.96
4.6,11.4,13.1,Desco,17.96
4.6,6.8,15.6,Estaca,17.63
4.6,8.4,13.3,Desco,16.39
4.6,11.1,15.1,Desco,19.3
4.6,4.7,7.7,Leche,10.13
4.6,10.5,15.7,Desco,19.44
4.6,8.0,11.0,Desco,14.36
4.6,8.0,11.0,Desco,14.36
4.6,8.0,11.0,Desco,14.36
4.6,4.7,7.7,Leche,10.13
4.6,10.5,15.7,Desco,19.44
4.6,4.7,7.7,Leche,10.13
4.6,9.2,12.0,Desco,15.81
4.6,6.5,7.2,Desco,10.74
4.6,4.6,7.6,Leche,10.0
4.6,6.8,10.9,Desco,13.65
4.6,6.8,10.5,Desco,13.33
4.6,6.2,6.2,Cubo,9.9
4.6,5.6,16.3,Estaca,17.84
4.6,10.3,14.7,Desco,18.53
4.6,4.6,14.3,Estaca,15.71
4.6,7.8,13.3,Desco,16.09
4.6,9.5,14.5,Desco,17.93
4.6,10.6,16.1,Desco,19.82
4.6,6.1,13.1,Estaca,15.17
4.6,6.1,13.1,Estaca,15.17
4.6,5.7,8.9,Leche,11.53
4.6,5.1,5.1,Cubo,8.55
4.6,4.7,8.5,Leche,10.75
4.6,4.6,9.9,Estaca,11.85
4.6,7.5,13.1,Desco,15.78
4.7,8.0,16.1,Tabla,18.58
4.7,6.5,7.0,Desco,10.65
4.7,4.7,5.9,Cubo,8.89
4.7,8.0,16.1,Tabla,18.58
4.7,4.7,4.9,Cubo,8.26
4.7,13.1,14.0,Desco,19.74
4.7,9.3,10.0,Desco,14.44
4.7,5.9,7.1,Cubo,10.36
4.7,7.3,13.1,Desco,15.72
4.7,6.4,6.5,Cubo,10.26
4.7,4.7,11.0,Estaca,12.85
4.7,4.7,11.0,Estaca,12.85
4.7,7.3,13.1,Desco,15.72
4.7,6.4,6.5,Cubo,10.26
4.7,4.7,4.9,Cubo,8.26
4.7,8.6,10.1,Desco,14.07
4.7,4.7,14.6,Estaca,16.04
4.7,6.7,6.7,Desco,10.58
4.7,9.2,12.1,Desco,15.91
4.7,6.2,15.4,Estaca,17.25
4.7,10.6,16.5,Desco,20.17
4.7,7.6,15.3,Tabla,17.72
4.7,5.9,9.1,Cubo,11.82
4.7,8.4,10.2,Desco,14.02
4.7,10.6,16.5,Desco,20.17
4.7,7.6,15.3,Tabla,17.72
4.7,5.9,9.1,Cubo,11.82
4.7,8.4,10.2,Desco,14.02
4.7,6.1,11.8,Leche,14.09
4.7,5.5,14.3,Estaca,16.03
4.7,5.1,15.0,Estaca,16.53
4.7,5.5,14.4,Estaca,16.12
4.7,5.2,15.4,Estaca,16.92
4.7,10.1,17.2,Tabla,20.49
4.7,6.7,6.7,Desco,10.58
4.7,9.2,12.1,Desco,15.91
4.7,13.1,14.0,Desco,19.74
4.7,4.7,5.9,Cubo,8.89
4.7,4.7,6.7,Leche,9.44
4.7,9.8,10.2,Desco,14.91
4.7,9.1,15.0,Desco,18.16
4.7,9.8,13.0,Desco,16.94
4.7,6.1,6.5,Cubo,10.08
4.8,10.4,15.9,Desco,19.6
4.8,6.8,8.0,Desco,11.54
4.8,10.4,15.9,Desco,19.6
4.8,4.8,4.9,Cubo,8.37
4.8,6.2,7.2,Cubo,10.65
4.8,9.3,12.3,Desco,16.15
4.8,9.3,12.3,Desco,16.15
4.8,9.8,14.2,Desco,17.91
4.8,9.4,11.9,Desco,15.91
4.8,10.6,16.1,Desco,19.86
4.8,5.3,7.7,Leche,10.51
4.8,10.6,16.1,Desco,19.86
4.8,9.4,11.9,Desco,15.91
4.8,8.0,11.6,Desco,14.89
4.8,6.0,7.3,Cubo,10.6
4.8,11.0,16.0,Desco,20.0
4.8,4.8,4.9,Cubo,8.37
4.8,5.2,15.5,Estaca,17.04
4.8,4.8,5.0,Cubo,8.43
4.8,9.0,10.4,Desco,14.57
4.8,5.3,10.0,Leche,12.29
4.8,9.0,10.4,Desco,14.57
4.8,7.8,10.4,Desco,13.86
4.8,4.8,9.4,Leche,11.59
4.8,7.3,8.3,Desco,12.05
4.8,7.8,10.4,Desco,13.86
4.8,5.3,9.4,Leche,11.81
4.8,4.9,6.7,Cubo,9.59
4.8,7.6,12.2,Desco,15.15
4.8,9.2,12.1,Desco,15.94
4.8,6.1,6.4,Cubo,10.06
4.8,4.8,8.5,Leche,10.88
4.8,5.4,11.4,Estaca,13.5
4.9,5.0,14.5,Estaca,16.1
4.9,5.0,14.5,Estaca,16.1
4.9,5.0,14.5,Estaca,16.1
4.9,5.1,5.3,Cubo,8.84
4.9,7.9,11.1,Desco,14.48
4.9,6.1,7.6,Cubo,10.91
4.9,8.5,14.0,Desco,17.1
4.9,8.5,14.0,Desco,17.1
4.9,8.5,14.0,Desco,17.1
4.9,5.4,9.4,Leche,11.9
4.9,10.4,16.8,Desco,20.36
4.9,10.4,16.8,Desco,20.36
4.9,8.3,11.4,Desco,14.93
4.9,5.7,7.5,Cubo,10.62
4.9,5.0,14.5,Estaca,16.1
4.9,5.0,14.5,Estaca,16.1
4.9,5.0,14.4,Estaca,16.01
4.9,10.0,14.5,Desco,18.28
4.9,5.0,5.4,Cubo,8.84
4.9,5.4,15.8,Estaca,17.4
4.9,5.8,8.7,Leche,11.55
4.9,7.9,9.3,Desco,13.15
4.9,10.4,16.8,Desco,20.36
4.9,7.3,8.3,Desco,12.09
4.9,7.9,9.3,Desco,13.15
4.9,5.7,9.8,Leche,12.35
4.9,5.7,9.8,Leche,12.35
4.9,7.3,14.2,Leche,16.7
4.9,4.9,7.2,Leche,9.99
4.9,5.9,8.9,Leche,11.75
5.0,8.0,11.1,Desco,14.57
5.0,7.9,11.5,Desco,14.82
5.0,5.0,14.4,Estaca,16.04
5.0,8.0,11.1,Desco,14.57
5.0,5.0,14.4,Estaca,16.04
5.0,5.0,14.5,Estaca,16.13
5.0,9.3,9.3,Desco,14.07
5.0,8.0,10.8,Desco,14.34
5.0,7.0,8.6,Desco,12.16
5.0,8.9,9.9,Desco,14.22
5.0,7.0,8.6,Desco,12.16
5.0,8.9,9.9,Desco,14.22
5.0,11.3,15.9,Desco,20.14
5.0,7.0,11.1,Desco,14.04
5.0,7.0,7.6,Desco,11.48
5.0,7.8,8.9,Desco,12.85
5.0,7.8,8.9,Desco,12.85
5.0,7.0,7.7,Desco,11.55
5.0,8.1,11.4,Desco,14.85
5.0,6.8,12.3,Leche,14.92
5.0,6.8,12.3,Leche,14.92
5.0,5.7,13.8,Estaca,15.75
5.0,8.1,11.4,Desco,14.85
5.0,8.0,11.5,Desco,14.87
5.0,5.0,14.4,Estaca,16.04
5.0,5.0,14.5,Estaca,16.13
5.0,5.1,14.6,Estaca,16.25
5.0,5.0,14.4,Estaca,16.04
5.0,11.5,14.5,Desco,19.17
5.0,5.0,14.5,Estaca,16.13
5.0,5.0,14.5,Estaca,16.13
5.0,5.0,14.5,Estaca,16.13
5.0,5.0,14.5,Estaca,16.13
5.0,5.0,14.5,Estaca,16.13
5.0,6.1,15.5,Estaca,17.39
5.0,8.0,11.1,Desco,14.57
5.0,8.0,11.1,Desco,14.57
5.0,5.7,8.7,Leche,11.54
5.0,9.3,9.3,Desco,14.07
5.0,9.2,14.4,Desco,17.8
5.0,7.9,11.5,Desco,14.82
5.0,7.9,11.5,Desco,14.82
5.0,6.2,14.3,Estaca,16.37
5.0,6.2,14.3,Estaca,16.37
5.0,9.0,10.7,Desco,14.85
5.0,5.5,9.9,Leche,12.38
5.0,7.2,11.2,Desco,14.22
5.0,6.6,13.3,Estaca,15.67
5.1,5.1,14.6,Estaca,16.28
5.1,8.3,12.8,Desco,16.09
5.1,8.3,12.8,Desco,16.09
5.1,9.8,13.4,Desco,17.37
5.1,5.2,8.4,Leche,11.12
5.1,5.2,8.4,Leche,11.12
5.1,6.9,14.1,Estaca,16.51
5.1,6.4,10.1,Leche,13.0
5.1,5.1,14.6,Estaca,16.28
5.1,7.0,9.1,Desco,12.56
5.1,5.8,7.5,Cubo,10.77
5.1,8.0,10.5,Desco,14.15
5.1,6.1,6.2,Cubo,10.08
5.1,7.9,9.1,Desco,13.09
5.1,6.1,6.2,Cubo,10.08
5.1,7.9,9.1,Desco,13.09
5.1,7.2,8.0,Desco,11.91
5.1,7.6,7.8,Desco,12.03
5.1,7.6,8.0,Desco,12.16
5.1,11.8,15.7,Desco,20.29
5.1,9.4,9.4,Desco,14.24
5.1,9.1,13.0,Desco,16.67
5.1,6.6,7.5,Cubo,11.22
5.1,7.2,11.0,Desco,14.1
5.1,7.1,11.0,Desco,14.05
5.2,5.7,16.1,Estaca,17.85
5.2,5.3,5.4,Cubo,9.18
5.2,5.6,10.2,Leche,12.75
5.2,8.1,8.1,Desco,12.58
5.2,8.0,16.6,Estaca,19.15
5.2,8.1,8.1,Desco,12.58
5.2,8.0,16.6,Estaca,19.15
5.2,6.9,11.7,Leche,14.54
5.2,6.5,10.3,Leche,13.24
5.2,6.5,10.3,Leche,13.24
5.2,5.7,16.1,Estaca,17.85
5.2,5.6,10.2,Leche,12.75
5.2,5.6,10.2,Leche,12.75
5.2,5.2,6.3,Cubo,9.68
5.2,7.9,9.9,Desco,13.69
5.2,7.6,7.8,Desco,12.07
5.2,8.1,11.3,Desco,14.84
5.2,5.7,7.7,Cubo,10.9
5.2,7.1,11.6,Cubo,14.56
5.2,5.6,11.0,Leche,13.39
5.2,9.3,11.8,Desco,15.9
5.2,5.3,8.4,Leche,11.21
5.3,5.7,7.8,Cubo,11.02
5.3,6.4,14.3,Estaca,16.54
5.3,6.7,13.5,Estaca,15.98
5.3,6.4,8.8,Cubo,12.1
5.3,5.3,7.2,Cubo,10.39
5.3,6.3,8.5,Cubo,11.83
5.3,6.4,8.8,Cubo,12.1
5.3,5.3,7.2,Cubo,10.39
5.3,6.3,8.5,Cubo,11.83
5.3,6.4,8.8,Cubo,12.1
5.3,5.3,7.2,Cubo,10.39
5.3,6.3,8.5,Cubo,11.83
5.3,6.3,8.5,Cubo,11.83
5.3,12.3,15.3,Desco,20.33
5.3,10.2,12.3,Desco,16.84
5.3,5.6,9.3,Leche,12.08
5.3,5.7,9.3,Leche,12.13
5.3,6.4,14.3,Estaca,16.54
5.3,6.3,11.2,Leche,13.9
5.3,6.4,14.3,Estaca,16.54
5.3,6.3,11.2,Leche,13.9
5.3,5.9,7.4,Cubo,10.85
5.3,5.3,9.3,Leche,11.94
5.3,5.3,9.3,Leche,11.94
5.3,6.8,11.6,Leche,14.45
5.3,9.3,12.2,Desco,16.23
5.3,6.8,11.6,Leche,14.45
5.3,9.3,12.2,Desco,16.23
5.3,5.6,9.3,Leche,12.08
5.3,5.7,9.3,Leche,12.13
5.3,12.2,12.6,Desco,18.32
5.3,6.4,9.4,Cubo,12.55
5.3,6.4,9.4,Cubo,12.55
5.3,5.8,7.1,Cubo,10.59
5.3,6.7,14.3,Estaca,16.66
5.3,5.5,14.6,Estaca,16.48
5.3,8.5,12.8,Desco,16.25
5.4,9.1,13.5,Desco,17.15
5.4,10.5,15.8,Desco,19.72
5.4,6.5,8.8,Cubo,12.2
5.4,6.5,9.0,Cubo,12.35
5.4,6.5,8.9,Cubo,12.27
5.4,6.5,8.8,Cubo,12.2
5.4,8.8,10.8,Desco,14.94
5.4,8.1,15.7,Leche,18.47
5.4,5.7,9.1,Leche,12.02
5.4,9.9,13.0,Desco,17.21
5.4,6.3,9.3,Leche,12.46
5.4,8.7,13.6,Desco,17.02
5.4,9.9,13.0,Desco,17.21
5.4,6.3,9.3,Leche,12.46
5.4,8.7,13.6,Desco,17.02
5.4,5.8,18.1,Estaca,19.76
5.4,6.5,8.8,Cubo,12.2
5.4,9.1,13.5,Desco,17.15
5.4,5.6,14.1,Estaca,16.1
5.4,6.7,6.8,Cubo,10.97
5.4,5.7,9.1,Leche,12.02
5.4,7.7,14.4,Leche,17.2
5.4,5.7,9.1,Leche,12.02
5.4,6.8,11.6,Leche,14.49
5.4,6.8,11.5,Leche,14.41
5.4,8.5,10.1,Desco,14.26
5.4,6.8,11.6,Leche,14.49
5.4,8.3,11.3,Desco,15.02
5.4,6.8,11.5,Leche,14.41
5.4,5.5,9.1,Leche,11.93
5.4,10.5,15.8,Desco,19.72
5.4,8.5,13.0,Desco,16.44
5.4,7.8,9.5,Desco,13.43
5.4,9.0,11.8,Desco,15.79
5.4,8.9,8.9,Desco,13.7
5.4,7.2,11.0,Cubo,14.21
5.4,8.9,8.9,Desco,13.7
5.4,7.6,8.2,Desco,12.42
5.4,8.4,11.5,Desco,15.23
5.4,7.2,11.0,Cubo,14.21
5.5,7.9,11.0,Desco,14.62
5.5,6.3,8.8,Cubo,12.14
5.5,7.9,11.0,Desco,14.62
5.5,6.3,8.8,Cubo,12.14
5.5,7.9,11.0,Desco,14.62
5.5,8.9,12.0,Desco,15.92
5.5,11.8,15.2,Desco,20.01
5.5,10.2,13.5,Desco,17.79
5.5,6.7,8.3,Cubo,12.0
5.5,6.3,8.7,Cubo,12.07
5.5,6.3,8.7,Cubo,12.07
5.5,9.4,12.2,Desco,16.35
5.5,7.9,11.8,Desco,15.23
5.5,5.5,9.4,Leche,12.2
5.5,5.9,7.6,Cubo,11.08
5.5,9.5,14.3,Desco,18.03
5.5,7.9,17.7,Estaca,20.15
5.5,11.1,15.1,Desco,19.53
5.5,6.8,10.6,Leche,13.74
5.5,5.9,6.3,Cubo,10.23
5.5,5.5,10.6,Leche,13.15
5.5,6.2,11.4,Leche,14.09
5.6,7.4,12.7,Leche,15.73
5.6,7.6,15.1,Estaca,17.81
5.6,5.6,9.8,Leche,12.6
5.6,5.6,9.8,Leche,12.6
5.6,6.5,8.7,Cubo,12.22
5.6,9.7,14.3,Desco,18.16
5.6,6.9,9.0,Cubo,12.65
5.6,6.5,9.1,Cubo,12.51
5.6,6.5,8.7,Cubo,12.22
5.6,6.9,9.0,Cubo,12.65
5.6,7.9,17.8,Estaca,20.26
5.6,6.8,9.0,Cubo,12.59
5.6,6.2,6.4,Cubo,10.52
5.6,7.2,16.3,Estaca,18.68
5.6,7.2,16.3,Estaca,18.68
5.6,6.2,6.4,Cubo,10.52
5.6,6.3,9.2,Leche,12.48
5.6,7.9,17.8,Estaca,20.26
5.6,7.0,9.0,Cubo,12.7
5.6,8.2,11.5,Desco,15.19
5.6,7.9,17.8,Estaca,20.26
5.6,6.4,15.3,Estaca,17.5
5.6,6.3,15.2,Estaca,17.38
5.6,6.1,12.4,Estaca,14.91
5.6,6.1,6.2,Cubo,10.34
5.6,8.5,11.2,Desco,15.13
5.6,8.5,11.2,Desco,15.13
5.6,7.7,11.7,Desco,15.08
5.6,7.2,8.9,Cubo,12.74
5.6,6.6,7.9,Cubo,11.72
5.6,5.6,10.5,Leche,13.15
5.6,6.6,7.9,Cubo,11.72
5.6,9.3,12.2,Desco,16.33
5.6,7.9,12.6,Desco,15.89
5.7,5.9,12.2,Estaca,14.7
5.7,5.9,12.2,Estaca,14.7
5.7,7.9,9.8,Desco,13.82
5.7,5.9,11.3,Leche,13.96
5.7,9.5,12.8,Desco,16.93
5.7,8.7,11.5,Desco,15.51
5.7,7.2,18.0,Estaca,20.21
5.7,6.7,8.5,Cubo,12.23
5.7,6.8,8.8,Cubo,12.5
5.7,9.1,13.2,Desco,17.02
5.7,6.7,8.5,Cubo,12.23
5.7,6.8,8.8,Cubo,12.5
5.7,9.1,13.2,Desco,17.02
5.7,8.6,12.8,Desco,16.44
5.7,6.8,8.8,Cubo,12.5
5.7,9.1,13.2,Desco,17.02
5.7,7.9,9.8,Desco,13.82
5.7,5.9,12.0,Estaca,14.54
5.7,11.3,14.1,Desco,18.95
5.7,8.8,13.7,Desco,17.25
5.7,11.3,14.1,Desco,18.95
5.7,8.8,13.7,Desco,17.25
5.7,7.1,10.2,Cubo,13.67
5.7,5.7,11.0,Leche,13.64
5.7,6.8,8.8,Cubo,12.5
5.7,7.1,10.2,Cubo,13.67
5.7,5.9,7.9,Cubo,11.39
5.7,5.9,12.2,Estaca,14.7
5.7,7.4,18.6,Estaca,20.81
5.7,8.2,11.5,Desco,15.23
5.7,5.9,12.2,Estaca,14.7
5.7,7.4,18.6,Estaca,20.81
5.7,8.2,11.5,Desco,15.23
5.7,5.9,12.0,Estaca,14.54
5.7,6.0,12.2,Estaca,14.74
5.7,5.9,12.0,Estaca,14.54
5.7,5.9,12.2,Estaca,14.7
5.7,12.4,12.4,Desco,18.44
5.7,8.7,8.9,Desco,13.69
5.7,6.5,6.9,Cubo,11.06
5.7,6.5,7.0,Cubo,11.12
5.7,6.7,7.5,Cubo,11.56
5.7,7.8,10.4,Cubo,14.19
5.7,9.2,11.5,Desco,15.79
5.8,7.0,9.4,Cubo,13.08
5.8,7.3,8.2,Cubo,12.42
5.8,7.0,9.6,Cubo,13.22
5.8,7.0,10.0,Cubo,13.51
5.8,7.0,9.4,Cubo,13.08
5.8,7.1,9.4,Cubo,13.13
5.8,9.3,14.1,Desco,17.86
5.8,6.8,8.8,Cubo,12.54
5.8,6.8,8.8,Cubo,12.54
5.8,6.8,8.8,Cubo,12.54
5.8,7.3,8.2,Cubo,12.42
5.8,6.9,10.1,Cubo,13.54
5.8,11.6,15.4,Desco,20.13
5.8,10.8,16.1,Desco,20.24
5.8,7.0,9.9,Cubo,13.44
5.8,7.2,9.8,Cubo,13.47
5.8,9.0,10.4,Desco,14.93
5.8,6.3,8.2,Cubo,11.86
5.8,9.0,10.4,Desco,14.93
5.8,6.4,6.5,Cubo,10.81
5.8,7.3,8.2,Cubo,12.42
5.8,10.8,16.1,Desco,20.24
5.8,10.9,16.1,Desco,20.29
5.8,7.0,9.6,Cubo,13.22
5.8,7.0,10.0,Cubo,13.51
5.8,7.0,9.6,Cubo,13.22
5.8,9.2,14.1,Desco,17.81
5.8,7.0,10.0,Cubo,13.51
5.8,7.0,9.6,Cubo,13.22
5.8,9.2,14.1,Desco,17.81
5.8,7.3,8.2,Cubo,12.42
5.8,7.3,8.2,Cubo,12.42
5.8,8.2,17.2,Estaca,19.92
5.8,6.1,8.8,Leche,12.18
5.8,6.5,6.9,Cubo,11.11
5.8,6.2,8.0,Cubo,11.67
5.8,7.8,10.4,Cubo,14.24
5.8,5.8,12.4,Estaca,14.87
5.9,9.2,14.7,Desco,18.32
5.9,7.0,10.1,Cubo,13.63
5.9,9.2,15.0,Desco,18.56
5.9,9.3,13.0,Desco,17.04
5.9,8.5,9.5,Desco,14.05
5.9,6.7,9.0,Cubo,12.68
5.9,9.3,13.0,Desco,17.04
5.9,8.5,9.5,Desco,14.05
5.9,6.7,9.0,Cubo,12.68
5.9,8.5,9.5,Desco,14.05
5.9,9.8,15.7,Desco,19.43
5.9,9.8,15.7,Desco,19.43
5.9,5.9,10.6,Leche,13.49
5.9,9.9,10.2,Desco,15.39
5.9,5.9,13.8,Estaca,16.13
5.9,9.8,12.2,Desco,16.72
5.9,5.9,11.8,Estaca,14.45
5.9,8.6,9.6,Desco,14.17
5.9,8.3,11.8,Desco,15.59
5.9,9.1,11.9,Desco,16.1
5.9,7.8,11.4,Cubo,15.02
5.9,5.9,6.0,Cubo,10.28
5.9,7.9,7.9,Cubo,12.63
5.9,9.2,14.7,Desco,18.32
5.9,7.0,10.1,Cubo,13.63
5.9,6.7,7.9,Cubo,11.92
5.9,7.0,9.4,Cubo,13.12
5.9,8.3,8.7,Desco,13.39
5.9,7.0,9.5,Cubo,13.19
5.9,8.7,9.1,Desco,13.9
5.9,9.1,9.1,Cubo,14.16
5.9,7.0,9.5,Cubo,13.19
5.9,9.2,14.7,Desco,18.32
5.9,9.4,13.8,Desco,17.71
5.9,9.4,12.7,Desco,16.87
5.9,9.4,12.7,Desco,16.87
5.9,5.9,6.6,Cubo,10.64
5.9,7.2,7.2,Cubo,11.77
5.9,9.1,15.4,Desco,18.84
5.9,9.3,15.5,Desco,19.01
5.9,11.0,15.4,Desco,19.82
5.9,6.5,6.8,Cubo,11.1
6.0,7.0,9.3,Cubo,13.1
6.0,9.2,12.2,Desco,16.42
6.0,8.6,9.4,Desco,14.08
6.0,8.6,9.4,Desco,14.08
6.0,8.6,9.3,Desco,14.02
6.0,8.3,11.8,Desco,15.62
6.0,8.5,9.7,Desco,14.22
6.0,6.3,7.5,Cubo,11.49
6.0,6.7,8.7,Cubo,12.51
6.0,7.7,14.4,Leche,17.4
6.0,8.9,11.2,Desco,15.51
6.0,7.3,10.4,Cubo,14.05
6.0,7.3,10.4,Cubo,14.05
6.0,7.6,10.7,Cubo,14.43
6.0,8.9,11.2,Desco,15.51
6.0,6.6,6.6,Cubo,11.1
6.0,6.1,12.2,Estaca,14.9
6.0,6.0,7.3,Cubo,11.19
6.1,6.7,15.4,Estaca,17.87
6.1,6.7,15.4,Estaca,17.87
6.1,6.3,6.5,Cubo,10.92
6.1,6.4,6.5,Cubo,10.97
6.1,6.2,7.6,Cubo,11.55
6.1,11.6,12.3,Desco,17.97
6.1,8.9,14.9,Desco,18.4
6.1,9.7,12.0,Desco,16.59
6.1,9.0,9.3,Desco,14.31
6.1,6.3,6.7,Cubo,11.04
6.1,8.9,14.9,Desco,18.4
6.1,9.7,12.0,Desco,16.59
6.1,9.0,9.3,Desco,14.31
6.1,8.9,14.9,Desco,18.4
6.1,9.7,12.0,Desco,16.59
6.1,9.0,9.3,Desco,14.31
6.1,11.6,12.3,Desco,17.97
6.1,6.3,6.7,Cubo,11.04
6.1,6.2,7.6,Cubo,11.55
6.1,7.6,12.3,Leche,15.69
6.1,7.5,12.6,Leche,15.88
6.1,8.7,10.5,Desco,14.94
6.1,8.7,12.1,Desco,16.1
6.1,7.2,10.2,Cubo,13.9
6.1,8.7,12.1,Desco,16.1
6.1,7.2,10.2,Cubo,13.9
6.1,7.4,12.4,Leche,15.68
6.1,8.5,9.6,Desco,14.2
6.1,8.5,12.2,Desco,16.07
6.1,8.7,9.5,Desco,14.25
6.1,8.5,9.4,Desco,14.06
6.1,8.2,11.8,Cubo,15.61
6.1,8.5,9.6,Desco,14.2
6.1,8.7,9.5,Desco,14.25
6.1,8.2,11.8,Cubo,15.61
6.1,8.6,11.9,Desco,15.9
6.1,8.5,9.4,Desco,14.06
6.1,8.7,9.0,Desco,13.92
6.1,8.2,8.9,Cubo,13.55
6.1,8.5,12.2,Desco,16.07
6.1,8.2,11.8,Cubo,15.61
6.1,8.2,11.8,Cubo,15.61
6.1,8.2,11.8,Cubo,15.61
6.1,6.7,15.4,Estaca,17.87
6.1,6.2,17.9,Estaca,19.9
6.1,6.1,18.0,Estaca,19.96
6.1,6.4,8.0,Cubo,11.92
6.1,8.7,10.5,Desco,14.94
6.1,8.7,10.5,Desco,14.94
6.1,6.7,8.8,Cubo,12.63
6.1,9.8,12.4,Desco,16.94
6.1,9.3,14.2,Desco,18.04
6.1,7.9,8.3,Cubo,12.98
6.1,9.8,12.4,Desco,16.94
6.1,9.3,14.2,Desco,18.04
6.1,7.0,15.5,Estaca,18.07
6.1,7.2,14.6,Estaca,17.38
6.1,7.2,14.6,Estaca,17.38
6.1,7.4,14.4,Leche,17.3
6.1,7.2,14.6,Estaca,17.38
6.1,7.4,14.4,Leche,17.3
6.1,8.0,11.1,Cubo,14.98
6.2,6.8,15.5,Estaca,18.03
6.2,6.8,15.4,Estaca,17.94
6.2,9.4,11.2,Desco,15.88
6.2,6.2,7.6,Cubo,11.6
6.2,6.7,15.5,Estaca,17.99
6.2,6.9,14.4,Estaca,17.13
6.2,7.6,9.8,Cubo,13.87
6.2,9.5,12.0,Desco,16.51
6.2,6.9,14.4,Estaca,17.13
6.2,8.5,11.7,Desco,15.73
6.2,8.6,8.9,Desco,13.84
6.2,8.2,11.9,Cubo,15.73
6.2,8.4,15.4,Leche,18.61
6.2,8.5,11.7,Desco,15.73
6.2,8.6,12.4,Desco,16.31
6.2,8.4,9.1,Cubo,13.85
6.2,8.2,11.9,Cubo,15.73
6.2,8.3,9.2,Cubo,13.86
6.2,8.6,8.9,Desco,13.84
6.2,8.4,15.4,Leche,18.61
6.2,8.6,12.5,Desco,16.39
6.2,8.4,12.2,Cubo,16.06
6.2,8.6,9.1,Desco,13.97
6.2,8.7,9.0,Desco,13.97
6.2,6.8,15.4,Estaca,17.94
6.2,6.7,9.4,Cubo,13.1
6.2,6.7,7.6,Cubo,11.88
6.2,6.8,15.5,Estaca,18.03
6.2,6.3,6.8,Cubo,11.15
6.2,7.4,14.3,Leche,17.25
6.2,7.4,14.3,Leche,17.25
6.2,7.4,14.3,Leche,17.25
6.2,6.3,6.8,Cubo,11.15
6.2,6.2,6.5,Cubo,10.91
6.2,6.3,8.3,Cubo,12.13
6.3,6.7,15.5,Estaca,18.02
6.3,8.3,14.0,Leche,17.45
6.3,6.7,15.5,Estaca,18.02
6.3,7.5,10.2,Cubo,14.14
6.3,6.6,9.6,Leche,13.24
6.3,6.6,9.6,Leche,13.24
6.3,6.6,9.6,Leche,13.24
6.3,6.4,7.1,Cubo,11.45
6.3,6.5,9.1,Cubo,12.84
6.3,9.1,14.5,Desco,18.24
6.3,9.3,11.9,Desco,16.36
6.3,10.6,12.4,Desco,17.49
6.3,8.2,12.1,Cubo,15.92
6.3,9.1,9.2,Desco,14.39
6.3,9.4,10.9,Desco,15.71
6.3,8.4,12.0,Cubo,15.95
6.3,8.4,12.0,Cubo,15.95
6.3,8.4,9.1,Cubo,13.89
6.3,8.5,9.0,Cubo,13.89
6.3,9.1,12.0,Desco,16.32
6.3,8.2,12.1,Cubo,15.92
6.3,9.1,9.2,Desco,14.39
6.3,9.4,10.9,Desco,15.71
6.3,8.4,11.8,Cubo,15.8
6.3,8.3,12.1,Cubo,15.97
6.3,8.2,12.0,Cubo,15.84
6.3,10.5,13.5,Desco,18.23
6.3,7.9,11.8,Cubo,15.54
6.3,6.8,15.4,Estaca,17.97
6.3,6.7,12.2,Leche,15.28
6.3,13.5,14.0,Desco,20.44
6.3,13.5,14.0,Desco,20.44
6.3,6.4,9.4,Leche,13.0
6.3,10.2,12.6,Desco,17.39
6.3,9.4,12.6,Desco,16.94
6.3,9.8,12.6,Desco,17.16
6.3,10.2,15.8,Desco,19.83
6.3,8.9,9.4,Desco,14.4
6.3,10.2,12.6,Desco,17.39
6.3,8.7,9.1,Desco,14.08
6.3,6.3,9.0,Leche,12.66
6.3,6.3,9.0,Leche,12.66
6.3,8.3,14.0,Leche,17.45
6.3,8.3,14.0,Leche,17.45
6.3,6.6,7.7,Cubo,11.94
6.3,11.8,15.7,Desco,20.63
6.3,11.8,16.1,Desco,20.93
6.3,11.9,13.7,Desco,19.21
6.4,8.7,11.9,Cubo,16.07
6.4,6.7,15.6,Estaca,18.14
6.4,8.6,9.3,Cubo,14.19
6.4,9.2,10.3,Desco,15.22
6.4,10.3,12.7,Desco,17.56
6.4,7.9,12.2,Leche,15.88
6.4,7.9,12.2,Leche,15.88
6.4,7.9,12.2,Leche,15.88
6.4,9.2,10.3,Desco,15.22
6.4,6.4,9.3,Leche,12.98
6.4,8.1,10.4,Cubo,14.65
6.4,6.7,9.2,Cubo,13.06
6.4,6.6,10.6,Leche,14.03
6.4,10.2,11.9,Desco,16.93
6.4,6.5,11.0,Leche,14.29
6.4,6.5,11.0,Leche,14.29
6.4,8.5,17.5,Estaca,20.48
6.4,10.2,11.9,Desco,16.93
6.4,9.1,12.0,Desco,16.36
6.4,9.5,12.0,Desco,16.59
6.4,9.6,12.0,Desco,16.65
6.4,8.7,11.9,Cubo,16.07
6.4,8.6,9.3,Cubo,14.19
6.4,8.5,9.1,Cubo,14.0
6.4,8.2,12.7,Cubo,16.42
6.4,8.2,12.4,Cubo,16.19
6.4,8.4,9.0,Cubo,13.88
6.4,8.1,12.2,Cubo,15.98
6.4,8.3,9.3,Cubo,14.01
6.4,8.1,12.4,Cubo,16.13
6.4,9.1,12.0,Desco,16.36
6.4,9.1,9.1,Desco,14.37
6.4,8.5,9.1,Cubo,14.0
6.4,8.2,12.4,Cubo,16.19
6.4,8.4,9.0,Cubo,13.88
6.4,8.3,9.3,Cubo,14.01
6.4,8.1,12.4,Cubo,16.13
6.4,8.7,11.9,Cubo,16.07
6.4,8.6,9.3,Cubo,14.19
6.4,8.2,12.7,Cubo,16.42
6.4,8.1,12.2,Cubo,15.98
6.4,6.7,15.6,Estaca,18.14
6.4,6.5,7.8,Cubo,12.0
6.4,6.5,7.8,Cubo,12.0
6.4,9.8,11.5,Desco,16.41
6.4,9.2,10.3,Desco,15.22
6.4,9.2,10.3,Desco,15.22
6.4,8.3,14.6,Leche,17.97
6.5,7.2,8.8,Cubo,13.1
6.5,7.2,8.8,Cubo,13.1
6.5,7.2,8.8,Cubo,13.1
6.5,8.1,12.1,Cubo,15.95
6.5,8.1,12.1,Cubo,15.95
6.5,10.3,10.4,Desco,16.02
6.5,10.3,10.4,Desco,16.02
6.5,6.7,10.6,Leche,14.12
6.5,9.3,10.4,Desco,15.39
6.5,9.3,10.4,Desco,15.39
6.5,9.4,12.5,Desco,16.94
6.5,9.1,10.2,Desco,15.14
6.5,8.1,12.0,Cubo,15.87
6.5,8.5,9.2,Cubo,14.11
6.5,9.3,12.1,Desco,16.59
6.5,8.2,12.2,Cubo,16.07
6.5,8.3,12.1,Cubo,16.05
6.5,8.5,9.1,Cubo,14.05
6.5,8.1,12.0,Cubo,15.87
6.5,8.5,9.2,Cubo,14.11
6.5,8.3,9.1,Cubo,13.93
6.5,7.4,9.1,Cubo,13.41
6.5,8.5,12.3,Cubo,16.3
6.5,9.3,12.1,Desco,16.59
6.5,8.2,12.2,Cubo,16.07
6.5,8.3,12.1,Cubo,16.05
6.5,8.5,9.1,Cubo,14.05
6.5,8.3,12.5,Cubo,16.35
6.5,8.1,12.0,Cubo,15.87
6.5,7.5,7.7,Cubo,12.56
6.5,7.5,7.7,Cubo,12.56
6.5,11.2,13.8,Desco,18.92
6.5,6.6,6.6,Cubo,11.37
6.5,9.3,15.3,Desco,19.05
6.5,9.8,12.8,Desco,17.38
6.5,9.3,15.3,Desco,19.05
6.5,10.4,15.6,Desco,19.84
6.5,10.7,15.1,Desco,19.62
6.5,8.9,10.2,Cubo,15.02
6.5,10.7,15.1,Desco,19.62
6.5,8.9,10.2,Cubo,15.02
6.6,7.8,9.0,Cubo,13.62
6.6,10.1,13.5,Desco,18.11
6.6,9.4,14.8,Desco,18.73
6.6,8.7,10.0,Cubo,14.81
6.6,12.4,13.1,Desco,19.21
6.6,10.2,12.6,Desco,17.5
6.6,10.2,12.8,Desco,17.65
6.6,10.6,11.5,Desco,16.98
6.6,10.6,11.5,Desco,16.98
6.6,8.7,10.0,Cubo,14.81
6.6,10.6,11.5,Desco,16.98
6.6,8.7,10.0,Cubo,14.81
6.6,9.9,10.6,Desco,15.94
6.6,8.4,9.0,Cubo,13.97
6.6,8.4,9.0,Cubo,13.97
6.6,8.1,12.0,Cubo,15.91
6.6,12.4,15.5,Desco,20.92
6.6,10.1,13.5,Desco,18.11
6.6,9.4,14.8,Desco,18.73
6.6,12.4,13.1,Desco,19.21
6.6,10.1,13.5,Desco,18.11
6.6,9.4,14.8,Desco,18.73
6.6,8.7,15.3,Leche,18.8
6.7,8.4,8.9,Cubo,13.95
6.7,6.9,9.0,Cubo,13.17
6.7,6.9,9.0,Cubo,13.17
6.7,6.9,9.0,Cubo,13.17
6.7,9.8,10.2,Desco,15.65
6.7,7.0,9.4,Cubo,13.5
6.7,9.6,12.2,Desco,16.91
6.7,10.6,15.7,Desco,20.09
6.7,8.4,10.2,Cubo,14.82
6.7,8.2,9.4,Cubo,14.16
6.7,9.1,9.8,Cubo,14.96
6.7,7.5,10.2,Cubo,14.32
6.7,10.4,13.3,Desco,18.16
6.7,10.4,15.6,Desco,19.91
6.7,10.4,12.4,Desco,17.52
6.7,10.4,13.3,Desco,18.16
6.7,10.4,15.6,Desco,19.91
6.7,7.8,8.8,Cubo,13.53
6.7,7.8,8.8,Cubo,13.53
6.7,11.8,15.4,Desco,20.53
6.8,6.8,15.5,Estaca,18.24
6.8,11.1,11.7,Desco,17.5
6.8,9.2,10.8,Cubo,15.73
6.8,9.2,10.8,Cubo,15.73
6.8,8.3,10.7,Cubo,15.15
6.8,8.7,9.4,Cubo,14.5
6.8,6.8,15.5,Estaca,18.24
6.8,12.0,15.2,Desco,20.53
6.8,7.8,9.2,Cubo,13.85
6.8,8.5,10.2,Cubo,14.92
6.8,9.0,11.8,Cubo,16.32
6.8,12.0,12.5,Desco,18.61
6.8,12.0,12.5,Desco,18.61
6.9,10.6,13.4,Desco,18.43
6.9,10.6,13.4,Desco,18.43
6.9,9.2,10.2,Cubo,15.37
6.9,9.2,10.2,Cubo,15.37
6.9,9.2,10.2,Cubo,15.37
6.9,10.3,14.9,Desco,19.38
6.9,8.0,10.9,Cubo,15.18
6.9,8.0,11.3,Cubo,15.47
6.9,10.3,14.9,Desco,19.38
6.9,9.6,12.2,Desco,16.99
6.9,11.5,12.4,Desco,18.27
6.9,8.4,10.2,Cubo,14.91
6.9,7.8,14.3,Leche,17.69
6.9,7.8,9.4,Cubo,14.03
6.9,9.3,10.6,Cubo,15.7
6.9,9.3,10.6,Cubo,15.7
7.0,8.3,10.5,Cubo,15.1
7.0,9.0,10.0,Cubo,15.17
7.0,9.0,10.0,Cubo,15.17
7.0,9.6,12.4,Desco,17.17
7.0,12.1,12.6,Desco,18.82
7.0,10.7,12.8,Desco,18.09
7.0,7.4,10.4,Cubo,14.56
7.0,11.1,13.1,Desco,18.54
7.0,11.3,13.3,Desco,18.8
7.0,9.0,10.0,Cubo,15.17
7.0,9.4,10.8,Cubo,15.94
7.0,7.4,10.4,Cubo,14.56
7.0,9.4,10.8,Cubo,15.94
7.0,7.4,10.4,Cubo,14.56
7.0,11.6,12.9,Desco,18.71
7.0,9.0,10.0,Cubo,15.17
7.0,7.4,10.4,Cubo,14.56
7.0,9.6,12.4,Desco,17.17
7.0,9.0,10.0,Cubo,15.17
7.0,9.3,9.6,Cubo,15.09
7.0,8.3,10.5,Cubo,15.1
7.0,8.3,10.5,Cubo,15.1
7.0,7.1,9.2,Cubo,13.57
7.1,11.8,13.8,Desco,19.5
7.1,7.2,9.5,Cubo,13.87
7.1,9.2,13.8,Cubo,18.04
7.1,9.5,12.2,Cubo,17.01
7.1,7.4,10.9,Leche,14.97
7.1,8.7,11.0,Cubo,15.72
7.1,7.4,10.9,Leche,14.97
7.1,10.0,10.8,Desco,16.34
7.1,10.0,10.8,Desco,16.34
7.1,11.4,12.2,Desco,18.14
7.1,11.8,13.8,Desco,19.5
7.1,7.1,9.5,Cubo,13.82
7.1,7.2,9.5,Cubo,13.87
7.1,7.2,9.5,Cubo,13.87
7.1,7.2,9.5,Cubo,13.87
7.1,8.2,10.4,Cubo,15.03
7.1,7.1,9.5,Cubo,13.82
7.1,7.2,9.5,Cubo,13.87
7.1,11.8,15.7,Desco,20.88
7.1,10.2,14.6,Desco,19.17
7.1,7.5,14.6,Leche,17.88
7.1,10.2,11.0,Desco,16.6
7.1,10.2,11.0,Desco,16.6
7.2,9.3,10.3,Cubo,15.63
7.2,10.7,13.0,Desco,18.31
7.2,10.1,11.3,Desco,16.78
7.2,10.1,11.3,Desco,16.78
7.2,8.8,11.1,Cubo,15.89
7.2,8.0,9.8,Cubo,14.56
7.2,9.8,12.4,Cubo,17.37
7.2,9.8,12.4,Cubo,17.37
7.2,9.3,10.0,Cubo,15.44
7.2,8.2,9.4,Cubo,14.4
7.2,9.3,10.3,Cubo,15.63
7.2,8.3,10.5,Cubo,15.2
7.2,10.9,14.3,Desco,19.37
7.2,8.3,10.5,Cubo,15.2
7.2,10.9,14.3,Desco,19.37
7.2,8.3,16.6,Estaca,19.91
7.3,8.3,10.4,Cubo,15.18
7.3,10.5,10.7,Desco,16.67
7.3,10.5,10.7,Desco,16.67
7.3,8.4,9.9,Cubo,14.89
7.3,7.6,8.0,Cubo,13.23
7.3,9.6,15.1,Cubo,19.33
7.3,9.6,15.1,Cubo,19.33
7.3,9.4,14.6,Cubo,18.84
7.4,8.8,10.3,Cubo,15.44
7.4,8.4,9.8,Cubo,14.88
7.4,8.0,10.5,Cubo,15.13
7.4,10.4,11.5,Desco,17.18
7.4,8.4,9.8,Cubo,14.88
7.4,8.4,9.8,Cubo,14.88
7.4,10.4,14.6,Desco,19.39
7.4,8.7,9.9,Cubo,15.11
7.4,10.7,12.2,Desco,17.84
7.4,11.5,13.7,Desco,19.36
7.4,8.9,10.3,Cubo,15.49
7.4,8.5,10.6,Cubo,15.47
7.4,8.8,10.3,Cubo,15.44
7.4,9.3,10.4,Cubo,15.79
7.4,9.3,10.4,Cubo,15.79
7.4,8.2,10.1,Cubo,14.97
7.5,8.3,11.2,Cubo,15.83
7.5,8.3,10.6,Cubo,15.41
7.5,8.6,9.8,Cubo,15.04
7.5,8.6,9.8,Cubo,15.04
7.5,10.9,14.8,Desco,19.85
7.5,9.0,10.6,Cubo,15.8
7.5,10.9,14.8,Desco,19.85
7.5,10.4,14.1,Desco,19.06
7.5,7.9,9.4,Cubo,14.39
7.5,8.1,11.8,Leche,16.16
7.5,9.8,15.0,Cubo,19.42
7.5,9.8,14.6,Cubo,19.12
7.5,11.0,15.7,Desco,20.58
7.5,11.0,15.7,Desco,20.58
7.5,7.5,11.4,Leche,15.57
7.5,8.3,11.4,Cubo,15.97
7.5,9.8,14.6,Cubo,19.12
7.5,10.2,14.6,Cubo,19.32
7.5,9.8,14.6,Cubo,19.12
7.5,9.8,15.0,Cubo,19.42
7.6,8.5,12.2,Leche,16.7
7.6,11.3,14.0,Desco,19.53
7.6,8.5,12.2,Leche,16.7
7.6,9.9,12.8,Cubo,17.88
7.6,8.2,14.8,Leche,18.55
7.6,8.1,10.3,Cubo,15.15
7.6,8.6,10.6,Cubo,15.62
7.6,7.8,9.8,Cubo,14.65
7.6,9.9,12.8,Cubo,17.88
7.6,8.2,14.8,Leche,18.55
7.6,8.1,10.3,Cubo,15.15
7.6,8.6,10.6,Cubo,15.62
7.6,8.0,10.6,Cubo,15.3
7.6,8.1,11.8,Leche,16.21
7.6,9.2,12.6,Cubo,17.35
7.7,9.1,15.7,Leche,19.71
7.7,10.6,13.9,Desco,19.1
7.7,12.6,13.4,Desco,19.94
7.7,8.7,10.2,Cubo,15.46
7.7,8.3,14.8,Leche,18.63
7.7,7.8,10.3,Cubo,15.04
7.7,9.5,14.2,Cubo,18.74
7.7,9.5,14.2,Cubo,18.74
7.7,10.9,12.2,Desco,18.08
7.8,11.8,13.0,Desco,19.21
7.8,9.2,10.6,Cubo,16.06
7.8,8.4,10.5,Cubo,15.55
7.8,11.3,13.3,Desco,19.12
7.8,11.6,12.4,Desco,18.69
7.8,11.6,13.4,Desco,19.36
7.8,10.5,14.6,Cubo,19.6
7.9,11.4,13.0,Desco,19.01
7.9,7.9,9.4,Cubo,14.6
7.9,7.9,9.4,Cubo,14.6
7.9,9.4,11.0,Cubo,16.49
7.9,10.6,11.8,Cubo,17.72
7.9,11.0,12.6,Desco,18.5
7.9,9.4,11.0,Cubo,16.49
7.9,11.0,11.0,Desco,17.45
7.9,9.3,12.2,Cubo,17.26
7.9,9.3,12.2,Cubo,17.26
7.9,9.1,14.2,Leche,18.62
7.9,11.8,13.0,Desco,19.25
8.0,9.5,12.3,Cubo,17.48
8.0,9.1,11.7,Cubo,16.84
8.0,9.5,12.3,Cubo,17.48
8.0,9.1,11.7,Cubo,16.84
8.0,9.3,12.0,Cubo,17.16
8.0,9.2,11.8,Cubo,16.97
8.0,9.2,10.7,Cubo,16.22
8.0,11.3,12.2,Desco,18.45
8.0,9.1,9.9,Cubo,15.65
8.1,11.6,13.4,Desco,19.49
8.1,11.6,13.4,Desco,19.49
8.1,10.8,12.9,Cubo,18.67
8.1,10.8,12.9,Cubo,18.67
8.1,8.6,10.4,Cubo,15.74
8.1,8.6,10.4,Cubo,15.74
8.1,9.4,12.6,Cubo,17.68
8.1,11.6,13.4,Desco,19.49
8.1,8.5,13.4,Leche,17.82
8.1,9.8,16.0,Leche,20.44
8.1,9.9,15.0,Leche,19.71
8.2,9.4,12.0,Cubo,17.31
8.2,8.3,8.8,Cubo,14.61
8.2,9.4,14.6,Leche,19.2
8.2,11.3,15.3,Desco,20.71
8.2,9.6,10.0,Cubo,16.11
8.3,9.7,11.2,Cubo,16.98
8.3,9.1,10.4,Cubo,16.12
8.3,9.5,12.4,Cubo,17.69
8.3,8.3,8.6,Cubo,14.55
8.3,9.6,12.0,Cubo,17.47
8.3,9.1,10.4,Cubo,16.12
8.3,9.5,12.4,Cubo,17.69
8.3,9.4,12.5,Cubo,17.71
8.3,12.6,12.6,Cubo,19.66
8.3,9.9,14.6,Cubo,19.5
8.3,9.9,14.6,Cubo,19.5
8.3,9.1,14.1,Leche,18.72
8.3,11.0,12.6,Cubo,18.67
8.4,9.9,10.9,Cubo,16.95
8.4,9.5,11.9,Cubo,17.39
8.4,9.5,11.4,Cubo,17.05
8.4,9.5,11.4,Cubo,17.05
8.4,9.6,12.0,Cubo,17.51
8.4,10.2,13.9,Cubo,19.18
8.4,9.6,11.9,Cubo,17.45
8.4,9.6,11.9,Cubo,17.45
8.4,9.7,13.6,Cubo,18.7
8.4,9.7,13.6,Cubo,18.7
8.5,9.8,15.0,Leche,19.83
8.5,10.8,11.2,Cubo,17.73
8.5,10.8,11.2,Cubo,17.73
8.5,10.8,11.2,Cubo,17.73
8.5,10.2,11.1,Cubo,17.31
8.5,8.5,15.5,Leche,19.62
8.5,9.0,9.3,Cubo,15.48
8.5,9.0,9.3,Cubo,15.48
8.5,8.9,12.6,Leche,17.61
8.5,8.9,12.6,Leche,17.61
8.5,9.0,12.4,Cubo,17.52
8.5,8.9,12.4,Cubo,17.47
8.5,9.4,11.8,Cubo,17.32
8.5,9.8,15.0,Leche,19.83
8.5,11.1,15.3,Cubo,20.73
8.6,8.7,15.7,Leche,19.9
8.6,10.0,11.0,Cubo,17.17
8.6,10.0,11.0,Cubo,17.17
8.6,8.7,15.7,Leche,19.9
8.6,9.2,12.1,Cubo,17.46
8.6,9.2,12.1,Cubo,17.46
8.6,9.4,12.0,Cubo,17.5
8.6,9.6,15.5,Leche,20.16
8.6,9.6,15.5,Leche,20.16
8.6,10.2,11.7,Cubo,17.75
8.7,10.0,15.9,Leche,20.7
8.7,9.4,10.4,Cubo,16.5
8.7,9.8,15.8,Leche,20.53
8.7,8.9,14.2,Leche,18.88
8.7,10.1,13.8,Cubo,19.19
8.7,10.1,13.8,Cubo,19.19
8.7,9.2,11.9,Cubo,17.38
8.7,9.9,14.9,Leche,19.89
8.7,9.8,15.0,Leche,19.92
8.7,10.4,15.6,Leche,20.67
8.7,9.1,14.6,Leche,19.28
8.7,10.0,15.8,Leche,20.62
8.7,9.1,14.6,Leche,19.28
8.7,10.4,15.4,Leche,20.52
8.7,10.0,15.9,Leche,20.7
8.7,9.9,15.0,Leche,19.97
8.7,10.6,15.4,Cubo,20.62
8.7,9.9,16.2,Leche,20.88
8.7,11.9,12.8,Cubo,19.52
8.7,9.9,14.9,Leche,19.89
8.7,9.8,15.0,Leche,19.92
8.7,10.4,15.6,Leche,20.67
8.7,9.1,14.6,Leche,19.28
8.7,10.0,15.8,Leche,20.62
8.7,9.1,14.6,Leche,19.28
8.7,10.4,15.4,Leche,20.52
8.7,10.0,15.9,Leche,20.7
8.7,9.9,15.0,Leche,19.97
8.7,10.6,15.4,Cubo,20.62
8.7,9.9,16.2,Leche,20.88
8.8,9.8,16.2,Leche,20.88
8.8,9.8,16.2,Leche,20.88
8.9,10.0,11.9,Cubo,17.91
8.9,10.5,15.8,Leche,20.95
8.9,10.2,13.4,Cubo,19.05
8.9,9.9,16.1,Leche,20.89
8.9,10.0,11.9,Cubo,17.91
8.9,10.0,12.0,Cubo,17.98
8.9,9.9,16.1,Leche,20.89
8.9,10.7,12.4,Cubo,18.64
9.0,10.4,15.5,Leche,20.72
9.0,10.4,13.5,Cubo,19.27
9.0,10.4,13.5,Cubo,19.27
9.0,10.4,15.0,Leche,20.35
9.0,9.7,12.8,Cubo,18.41
9.0,11.3,11.3,Cubo,18.34
9.0,9.8,11.4,Cubo,17.52
9.0,10.4,15.0,Leche,20.35
9.0,9.7,12.8,Cubo,18.41
9.1,12.6,13.8,Desco,20.78
9.1,9.9,12.8,Cubo,18.57
9.1,10.2,14.0,Cubo,19.57
9.1,9.4,9.6,Cubo,16.23
9.1,9.8,12.2,Cubo,18.1
9.1,10.3,13.9,Cubo,19.55
9.1,9.1,13.5,Leche,18.65
9.1,9.1,13.5,Leche,18.65
9.1,10.9,15.0,Cubo,20.65
9.2,10.4,13.6,Cubo,19.44
9.2,9.3,13.6,Leche,18.87
9.2,10.4,13.6,Cubo,19.44
9.2,10.4,13.6,Cubo,19.44
9.2,10.4,13.6,Cubo,19.44
9.3,10.8,12.2,Cubo,18.76
9.3,10.8,12.2,Cubo,18.76
9.3,9.4,10.2,Cubo,16.7
9.4,9.4,15.0,Leche,20.04
9.4,11.4,12.8,Cubo,19.55
9.4,9.4,12.0,Cubo,17.91
9.4,9.4,11.8,Cubo,17.78
9.4,9.4,11.8,Cubo,17.78
9.4,9.4,9.5,Cubo,16.34
9.4,10.7,15.2,Cubo,20.83
9.4,9.6,15.1,Leche,20.21
9.5,10.6,13.0,Cubo,19.28
9.5,10.4,13.3,Cubo,19.37
9.6,9.7,12.8,Cubo,18.71
9.6,9.9,12.4,Cubo,18.55
9.6,9.7,12.8,Cubo,18.71
9.6,9.7,12.8,Cubo,18.71
9.7,10.8,12.8,Cubo,19.35
9.7,10.4,12.8,Cubo,19.13
9.7,10.6,12.8,Cubo,19.24
9.7,10.7,13.1,Cubo,19.5
9.8,9.8,12.2,Cubo,18.46
9.8,9.8,12.2,Cubo,18.46
9.8,9.8,12.6,Cubo,18.73
9.8,11.8,13.8,Cubo,20.63
9.8,10.8,11.9,Cubo,18.82
9.9,10.9,12.5,Cubo,19.32
9.9,9.9,12.4,Cubo,18.7
9.9,10.1,13.5,Cubo,19.55
9.9,10.1,13.5,Cubo,19.55
10.0,10.0,13.8,Cubo,19.76
10.0,10.0,13.8,Cubo,19.76
10.0,10.0,13.8,Cubo,19.76
10.0,10.3,13.4,Cubo,19.64
10.0,10.3,13.4,Cubo,19.64
10.1,10.3,13.3,Cubo,19.62
10.1,10.3,13.3,Cubo,19.62
10.2,11.5,12.1,Cubo,19.56
10.2,11.5,12.1,Cubo,19.56
10.3,12.1,13.7,Cubo,20.98
10.3,12.1,13.7,Cubo,20.98
10.7,11.1,13.7,Cubo,20.62
10.7,11.1,13.7,Cubo,20.62
11.8,11.8,11.8,Cubo,20.44
11.8,11.8,11.8,Cubo,20.44
11.8,11.8,11.8,Cubo,20.44
