"Length","Width","Height","etiqueta"
0.1,5.1,6.2,"Pizza"
0.2,4.4,6.8,"Pizza"
0.3,0.3,0.7,"Cubo"
0.3,0.3,0.7,"Cubo"
0.3,2.9,4.3,"Pizza"
0.3,2.9,4.3,"Pizza"
0.3,9,9.8,"Pizza"
0.4,3.5,6.4,"Pizza"
0.4,0.4,0.4,"Cubo"
0.4,0.4,0.7,"Cubo"
0.4,0.4,0.7,"Cubo"
0.4,4.3,8.7,"Pizza"
0.4,3.5,6.4,"Pizza"
0.4,3.3,5.7,"Pizza"
0.4,2.6,7.1,"Pizza"
0.4,3,6.3,"Pizza"
0.4,3.5,7.5,"Pizza"
0.4,0.7,8.4,"Desco"
0.4,7.6,8.3,"Pizza"
0.4,3.1,4.3,"Pizza"
0.4,4.7,6.1,"Pizza"
0.5,5.5,11.3,"Pizza"
0.5,3.8,4.8,"Pizza"
0.5,7.8,10,"Pizza"
0.5,4.6,6.1,"Pizza"
0.6,6.6,10.5,"Pizza"
0.6,6.3,10,"Pizza"
0.6,5,8.1,"Pizza"
0.6,5,9.3,"Pizza"
0.6,6.6,10.5,"Pizza"
0.6,6.3,10,"Pizza"
0.6,3.9,9,"Pizza"
0.6,7.8,10.1,"Pizza"
0.6,5,8.1,"Pizza"
0.6,5,9.3,"Pizza"
0.6,5,9.3,"Pizza"
0.6,4,8.1,"Pizza"
0.6,5,8.1,"Pizza"
0.6,4.6,8.4,"Pizza"
0.7,6.6,16.6,"Pizza"
0.7,6.3,6.4,"Pizza"
0.7,9,12.3,"Pizza"
0.7,6.3,6.4,"Pizza"
0.7,4.7,7.1,"Pizza"
0.7,4.2,6.9,"Pizza"
0.7,3.4,5,"Pizza"
0.7,6.6,16.6,"Pizza"
0.7,3.3,6.4,"Pizza"
0.7,3.3,6.3,"Pizza"
0.7,9,12.1,"Pizza"
0.7,3.3,6.3,"Pizza"
0.7,10.2,14.5,"Pizza"
0.7,4.8,5.1,"Pizza"
0.7,8.7,11.8,"Pizza"
0.7,11.5,14.5,"Pizza"
0.7,3.6,11.3,"Pizza"
0.7,10.4,18,"Pizza"
0.7,10.4,18,"Pizza"
0.7,6.5,10.2,"Pizza"
0.7,11.5,14.5,"Pizza"
0.7,3.9,7.8,"Pizza"
0.8,7.6,9.9,"Pizza"
0.8,6.7,17.7,"Pizza"
0.8,0.8,0.8,"Cubo"
0.8,8.9,12.7,"Pizza"
0.8,6.3,9.1,"Pizza"
0.8,5,8.3,"Pizza"
0.8,7.9,15.7,"Pizza"
0.8,5,8.3,"Pizza"
0.8,5,8.3,"Pizza"
0.8,5.1,8.1,"Pizza"
0.8,7.1,8.1,"Pizza"
0.8,4.6,5,"Pizza"
0.8,5.2,7.7,"Pizza"
0.8,3.5,3.5,"Pizza"
0.8,1.2,4.7,"Cubo"
0.8,0.8,0.8,"Cubo"
0.8,7.6,9.9,"Pizza"
0.8,6.7,17.7,"Pizza"
0.8,4.7,7.9,"Pizza"
0.8,6.7,11.4,"Pizza"
0.8,2.4,4.2,"Pizza"
0.8,9.8,11.8,"Pizza"
0.8,11.4,13.8,"Pizza"
0.8,9.8,11.8,"Pizza"
0.8,11.4,13.8,"Pizza"
0.8,5.9,8.7,"Pizza"
0.8,7.5,9.1,"Pizza"
0.9,3.7,5.3,"Pizza"
0.9,9.8,13.8,"Pizza"
0.9,7.6,9.6,"Pizza"
0.9,3.1,5.2,"Pizza"
0.9,4.9,7,"Pizza"
0.9,4.9,7,"Pizza"
0.9,4.1,6.1,"Pizza"
0.9,8.5,9.8,"Pizza"
0.9,6.5,9.5,"Pizza"
0.9,6.2,8.6,"Pizza"
0.9,3.1,5.2,"Pizza"
0.9,4.1,6.1,"Pizza"
0.9,4.9,7.5,"Pizza"
0.9,3.7,5.3,"Pizza"
0.9,2.9,2.9,"Pizza"
0.9,4.7,6.4,"Pizza"
0.9,9.8,12.8,"Pizza"
0.9,4.3,4.5,"Pizza"
0.9,5.3,5.7,"Pizza"
0.9,5,8.4,"Pizza"
0.9,6.4,9.6,"Pizza"
0.9,8.7,9.3,"Pizza"
1,4.3,7.4,"Pizza"
1,8,10,"Pizza"
1,8,10,"Pizza"
1,8.6,9.6,"Pizza"
1,7.7,9.8,"Pizza"
1,7.7,9.8,"Pizza"
1,8.6,9.8,"Pizza"
1,9.4,13,"Pizza"
1,5.9,7.6,"Pizza"
1,5.1,6.7,"Pizza"
1,7.8,9.7,"Pizza"
1,7.7,10.1,"Pizza"
1,6.1,10.5,"Pizza"
1,7.5,7.6,"Pizza"
1,7.5,7.6,"Pizza"
1,5,8.5,"Pizza"
1,4.9,8.3,"Pizza"
1.1,5.7,10,"Pizza"
1.1,6.7,9.6,"Pizza"
1.1,5.7,10,"Pizza"
1.1,1.1,5.7,"Cubo"
1.1,4.5,6.9,"Pizza"
1.1,4.6,8.3,"Pizza"
1.1,11.6,13.8,"Pizza"
1.1,7.4,10,"Pizza"
1.1,6.5,9.6,"Pizza"
1.1,7.4,10,"Pizza"
1.1,2.4,2.4,"Pizza"
1.1,6.7,9.6,"Pizza"
1.1,10.9,17,"Pizza"
1.1,5.8,5.9,"Pizza"
1.1,10.9,17,"Pizza"
1.1,5.4,9.9,"Pizza"
1.1,8.8,11.2,"Pizza"
1.1,8.5,14.7,"Pizza"
1.1,6.6,9.9,"Pizza"
1.1,6,7.9,"Pizza"
1.1,6,7.9,"Pizza"
1.1,2.5,4.6,"Pizza"
1.2,3.3,6.3,"Pizza"
1.2,4.6,8.3,"Pizza"
1.2,8.6,9.1,"Pizza"
1.2,3.1,5.1,"Pizza"
1.2,3.5,7.1,"Pizza"
1.2,4.6,9.6,"Pizza"
1.2,3.5,7.6,"Pizza"
1.2,7.2,9.2,"Pizza"
1.2,6.4,9.5,"Pizza"
1.2,8.1,14,"Pizza"
1.2,6.7,8.6,"Pizza"
1.2,5,7.5,"Pizza"
1.2,3.9,5.5,"Pizza"
1.2,5.6,8.2,"Pizza"
1.2,9.1,9.4,"Pizza"
1.2,7.9,13,"Pizza"
1.2,5.4,7.2,"Pizza"
1.2,7.5,8.3,"Pizza"
1.2,7.9,9.1,"Pizza"
1.2,4.3,8,"Pizza"
1.2,5.6,6.5,"Pizza"
1.3,9,13.1,"Pizza"
1.3,6.1,9,"Pizza"
1.3,10.2,15.1,"Pizza"
1.3,10.2,15.1,"Pizza"
1.3,6.4,8.5,"Pizza"
1.3,3.2,6.1,"Pizza"
1.3,7.8,9.7,"Pizza"
1.3,10.2,15.1,"Pizza"
1.3,8.3,10.7,"Pizza"
1.3,2.8,6,"Pizza"
1.3,2.8,6.7,"Pizza"
1.3,6.1,9.4,"Pizza"
1.3,9,13.1,"Pizza"
1.3,10.6,13.2,"Pizza"
1.3,4.7,8.5,"Pizza"
1.3,8.9,13,"Pizza"
1.3,14.7,16.8,"Pizza"
1.3,10.6,13.2,"Pizza"
1.3,2.8,3.8,"Pizza"
1.3,5,7.5,"Pizza"
1.3,7.2,7.3,"Pizza"
1.3,3.9,9.7,"Pizza"
1.3,7.4,7.7,"Pizza"
1.3,9.3,13.2,"Pizza"
1.3,3.9,9.7,"Pizza"
1.3,7.4,7.7,"Pizza"
1.3,5.4,6.6,"Pizza"
1.3,7.5,11.9,"Pizza"
1.4,5,6.6,"Pizza"
1.4,9,13,"Pizza"
1.4,10.6,13.6,"Pizza"
1.4,2.4,3.5,"Desco"
1.4,2.4,3.5,"Desco"
1.4,6.5,8.4,"Pizza"
1.4,5.1,8.3,"Pizza"
1.4,6.5,7.9,"Pizza"
1.4,4.4,8.7,"Pizza"
1.4,6.7,8.8,"Pizza"
1.4,7.4,10.6,"Pizza"
1.4,12,16.3,"Pizza"
1.4,6.7,11.3,"Pizza"
1.4,9,13,"Pizza"
1.4,10.6,13.6,"Pizza"
1.4,10.6,13.5,"Pizza"
1.4,3.7,5.4,"Pizza"
1.4,5,5.8,"Pizza"
1.4,12.7,20.7,"Pizza"
1.4,10.6,13.5,"Pizza"
1.4,12.7,20.7,"Pizza"
1.4,9.5,15.1,"Pizza"
1.4,11.4,14.5,"Pizza"
1.4,1.5,5.4,"Cubo"
1.4,10.7,13.4,"Pizza"
1.4,4.4,4.4,"Pizza"
1.4,10.7,13.2,"Pizza"
1.4,7.8,11.7,"Pizza"
1.4,6.8,8.2,"Pizza"
1.4,7.8,11.7,"Pizza"
1.4,9.1,9.4,"Pizza"
1.4,3.1,6.8,"Pizza"
1.5,10.7,13.6,"Pizza"
1.5,5,6.6,"Pizza"
1.5,8.8,9.1,"Pizza"
1.5,3.7,5.3,"Pizza"
1.5,4.8,14.8,"Pizza"
1.5,4.9,9.3,"Pizza"
1.5,1.6,11.5,"Cubo"
1.5,9.9,9.9,"Pizza"
1.5,5.6,11.2,"Pizza"
1.5,2.8,8.3,"Desco"
1.5,2.6,3.2,"Desco"
1.5,8.5,13.7,"Pizza"
1.5,2.6,3.2,"Desco"
1.5,12,16.5,"Pizza"
1.5,2.6,3.2,"Desco"
1.5,6.4,6.9,"Pizza"
1.5,8.5,13.7,"Pizza"
1.5,9.4,11.9,"Pizza"
1.5,5.5,7.6,"Pizza"
1.5,3.9,10,"Pizza"
1.5,5.5,7.6,"Pizza"
1.5,4.3,7.2,"Pizza"
1.5,10.7,13.6,"Pizza"
1.5,8.8,9.1,"Pizza"
1.5,3.7,5.3,"Pizza"
1.5,4.4,6.1,"Pizza"
1.5,6.1,16.5,"Pizza"
1.5,8.8,9.1,"Pizza"
1.5,10.7,13.6,"Pizza"
1.5,4.4,6.1,"Pizza"
1.5,6.1,16.5,"Pizza"
1.5,8.8,9.1,"Pizza"
1.5,5.6,7.6,"Pizza"
1.5,6.7,10,"Pizza"
1.5,5.5,7.8,"Pizza"
1.6,4.8,7.2,"Pizza"
1.6,3.7,6.1,"Pizza"
1.6,9.1,10.6,"Pizza"
1.6,4.3,8.7,"Pizza"
1.6,4.3,8.7,"Pizza"
1.6,3,10.5,"Desco"
1.6,5,9.6,"Pizza"
1.6,4.3,8.7,"Pizza"
1.6,5,9.6,"Pizza"
1.6,3,10.5,"Desco"
1.6,3.9,7.9,"Pizza"
1.6,5.5,7.9,"Pizza"
1.6,5.5,7.9,"Pizza"
1.6,1.6,4.3,"Cubo"
1.6,9.6,11.5,"Pizza"
1.6,10.6,10.6,"Pizza"
1.6,8.5,12,"Pizza"
1.6,2.8,6.9,"Desco"
1.6,4.7,8.7,"Pizza"
1.6,2.8,5.5,"Desco"
1.6,4.7,7.9,"Pizza"
1.6,1.9,6.2,"Cubo"
1.6,6.1,6.6,"Pizza"
1.6,5.5,7.6,"Pizza"
1.6,3.9,10.2,"Pizza"
1.6,2.8,6.7,"Desco"
1.6,3.5,5.8,"Pizza"
1.6,4.2,6.5,"Pizza"
1.6,9.8,19.7,"Pizza"
1.6,3.5,5.8,"Pizza"
1.6,9.8,19.7,"Pizza"
1.6,9.6,13.5,"Pizza"
1.6,4.2,7.8,"Pizza"
1.6,10,15.6,"Pizza"
1.6,8.9,13.1,"Pizza"
1.6,7.6,13,"Pizza"
1.6,7.9,9.4,"Pizza"
1.6,7.6,13,"Pizza"
1.6,7.6,13,"Pizza"
1.6,7.9,7.9,"Pizza"
1.6,6.7,7.5,"Pizza"
1.6,7.5,9.8,"Pizza"
1.6,7.5,11,"Pizza"
1.6,7.9,8.7,"Pizza"
1.6,8.3,10.2,"Pizza"
1.6,9.4,10.2,"Pizza"
1.6,2.9,6,"Desco"
1.6,9.1,9.1,"Pizza"
1.6,9.1,9.1,"Pizza"
1.6,9.1,9.1,"Pizza"
1.6,9.1,9.1,"Pizza"
1.6,9,9.1,"Pizza"
1.7,3.6,11.5,"Pizza"
1.7,3.7,8.8,"Pizza"
1.7,5.9,6.6,"Pizza"
1.7,4.8,12.7,"Pizza"
1.7,4.3,7.4,"Pizza"
1.7,4.3,7.4,"Pizza"
1.7,4.5,9.1,"Pizza"
1.7,10.7,10.8,"Pizza"
1.7,3.9,6.5,"Pizza"
1.7,5.1,7.2,"Pizza"
1.7,7.2,9.3,"Pizza"
1.7,3.5,5.5,"Desco"
1.7,1.7,14.8,"Cubo"
1.7,1.8,4.4,"Cubo"
1.7,1.8,4.4,"Cubo"
1.7,2.8,6.5,"Desco"
1.7,2.7,6.5,"Desco"
1.7,5.2,7.8,"Pizza"
1.7,10.6,13,"Pizza"
1.7,2.6,5.8,"Desco"
1.7,3.1,7.1,"Desco"
1.7,3.5,5.5,"Desco"
1.7,7.2,9.3,"Pizza"
1.7,7.2,9.3,"Pizza"
1.7,9.7,10.9,"Pizza"
1.7,9.7,10.9,"Pizza"
1.7,4.4,7.9,"Pizza"
1.7,3.2,5.1,"Desco"
1.7,3.2,6.8,"Desco"
1.7,6.7,9.4,"Pizza"
1.7,3.2,5.9,"Desco"
1.7,3.6,5.9,"Pizza"
1.7,3.7,5.9,"Pizza"
1.7,5.4,5.9,"Pizza"
1.7,10.5,13.7,"Pizza"
1.7,6.9,8.1,"Pizza"
1.7,7.2,10.4,"Pizza"
1.7,4.1,10.4,"Pizza"
1.7,6.4,6.5,"Pizza"
1.7,6.4,6.4,"Pizza"
1.7,6.6,7.2,"Pizza"
1.7,6.6,7.2,"Pizza"
1.7,4.3,7.2,"Pizza"
1.7,4.7,6.6,"Pizza"
1.7,8.1,14.5,"Pizza"
1.7,13,21.7,"Pizza"
1.7,5.7,6.3,"Pizza"
1.7,3.1,6,"Desco"
1.7,8.7,13.3,"Pizza"
1.7,7,7.9,"Pizza"
1.7,4.2,6.7,"Pizza"
1.7,4.6,6.5,"Pizza"
1.7,6.4,9.2,"Pizza"
1.7,4.3,10.6,"Pizza"
1.7,9.3,11.8,"Pizza"
1.7,4,7.7,"Pizza"
1.7,7.2,7.9,"Pizza"
1.7,4.9,5,"Pizza"
1.7,9.1,9.1,"Pizza"
1.8,5.9,8.7,"Pizza"
1.8,2,7.9,"Cubo"
1.8,3.1,5.2,"Desco"
1.8,9.6,10.5,"Pizza"
1.8,4.5,7.9,"Pizza"
1.8,4.6,8,"Pizza"
1.8,1.9,5.2,"Cubo"
1.8,1.9,5.2,"Cubo"
1.8,6.1,8,"Pizza"
1.8,1.9,5.2,"Cubo"
1.8,6.1,8,"Pizza"
1.8,6.1,8,"Pizza"
1.8,5.3,9.6,"Pizza"
1.8,6.6,10.2,"Pizza"
1.8,6.6,10.2,"Pizza"
1.8,6.3,9.9,"Pizza"
1.8,3.1,5.2,"Desco"
1.8,3.2,7,"Desco"
1.8,3.1,7,"Desco"
1.8,3.1,5.2,"Desco"
1.8,3.2,7,"Desco"
1.8,3.1,7,"Desco"
1.8,3.1,7,"Desco"
1.8,3.1,7,"Desco"
1.8,3.2,7,"Desco"
1.8,3.1,7,"Desco"
1.8,3.1,7.5,"Desco"
1.8,3.1,5.2,"Desco"
1.8,3.2,7,"Desco"
1.8,3.2,7,"Desco"
1.8,7.1,10,"Pizza"
1.8,4.3,7,"Pizza"
1.8,8.7,12.9,"Pizza"
1.8,6.4,11.5,"Pizza"
1.8,4.9,9.8,"Pizza"
1.8,5.1,9.7,"Pizza"
1.8,2.4,9.3,"Cubo"
1.8,4.4,15.5,"Pizza"
1.8,6.2,8.1,"Pizza"
1.8,6.9,6.9,"Pizza"
1.8,9.2,9.3,"Pizza"
1.9,9.7,11,"Pizza"
1.9,8.9,13,"Pizza"
1.9,9.7,11,"Pizza"
1.9,5.9,6.3,"Pizza"
1.9,8.1,8.2,"Pizza"
1.9,6.4,8,"Pizza"
1.9,9.5,10.6,"Pizza"
1.9,4.2,7.2,"Pizza"
1.9,9.7,10.2,"Pizza"
1.9,4.6,8.1,"Pizza"
1.9,1.9,5.2,"Cubo"
1.9,1.9,5.2,"Cubo"
1.9,5.8,9.1,"Pizza"
1.9,5.9,6.3,"Pizza"
1.9,3.1,5.6,"Desco"
1.9,9.7,11,"Pizza"
1.9,3.1,5.6,"Desco"
1.9,3.2,7.1,"Desco"
1.9,3.3,7,"Desco"
1.9,3.2,7,"Desco"
1.9,4.4,7.8,"Pizza"
1.9,3.2,3.4,"Desco"
1.9,6.7,10,"Pizza"
1.9,4.3,7.7,"Pizza"
1.9,9.7,11,"Pizza"
1.9,6.3,7.1,"Pizza"
1.9,3.1,5.6,"Desco"
1.9,3.2,5.6,"Desco"
1.9,5.7,6,"Pizza"
1.9,3.3,5.7,"Desco"
1.9,3.3,7,"Desco"
1.9,9.7,11,"Pizza"
1.9,3.1,5.6,"Desco"
1.9,3.2,7.1,"Desco"
1.9,5.6,8.6,"Pizza"
1.9,3.1,7,"Desco"
1.9,3.3,6.7,"Desco"
1.9,5.1,9.7,"Pizza"
1.9,8.2,11.5,"Pizza"
1.9,5.6,7.3,"Pizza"
1.9,6.3,7.1,"Pizza"
1.9,3.1,7,"Desco"
1.9,3.1,7,"Desco"
1.9,3.1,6,"Desco"
1.9,7.6,8.1,"Pizza"
1.9,7.4,9.6,"Pizza"
1.9,8.9,13,"Pizza"
1.9,5,6.1,"Pizza"
1.9,8,8.1,"Pizza"
1.9,6,16.6,"Pizza"
1.9,11.3,14.9,"Pizza"
1.9,5.6,6.3,"Pizza"
1.9,9.6,13.5,"Pizza"
1.9,9.8,14.4,"Pizza"
1.9,5.7,6.2,"Pizza"
1.9,6,9.4,"Pizza"
1.9,4.8,6.6,"Pizza"
1.9,9.1,13.1,"Pizza"
1.9,5.1,7.6,"Pizza"
1.9,5.2,6.4,"Pizza"
1.9,5.4,10.2,"Pizza"
1.9,10,11.3,"Pizza"
1.9,4.7,9.5,"Pizza"
1.9,4.7,9.5,"Pizza"
1.9,8.4,9.1,"Pizza"
1.9,1.9,4.7,"Cubo"
1.9,1.9,5,"Cubo"
2,3.5,6.3,"Desco"
2,2,8,"Cubo"
2,7.7,11.5,"Pizza"
2,9.6,9.8,"Pizza"
2,4.6,7.8,"Pizza"
2,2,5.2,"Cubo"
2,2,5.2,"Cubo"
2,2,5.2,"Cubo"
2,8.3,9.4,"Pizza"
2,8.3,9.4,"Pizza"
2,6.2,8.8,"Pizza"
2,6.4,13.4,"Pizza"
2,5.7,12.6,"Pizza"
2,3.7,9.7,"Desco"
2,9.4,11.1,"Pizza"
2,5.9,10.2,"Pizza"
2,3.1,7.2,"Desco"
2,7.2,10.2,"Pizza"
2,3.2,7.1,"Desco"
2,6.5,9.5,"Pizza"
2,3.9,9.1,"Desco"
2,5.9,7.9,"Pizza"
2,5.9,7.9,"Pizza"
2,5.9,7.9,"Pizza"
2,5.9,7.9,"Pizza"
2,5.9,7.9,"Pizza"
2,5.9,7.9,"Pizza"
2,5.9,7.9,"Pizza"
2,3.9,9.1,"Desco"
2,5.9,7.9,"Pizza"
2,5.9,7.9,"Pizza"
2,5.9,7.9,"Pizza"
2,5.9,7.9,"Pizza"
2,5.9,7.9,"Pizza"
2,5.9,7.9,"Pizza"
2,5.9,7.9,"Pizza"
2,5.9,7.9,"Pizza"
2,5.9,7.9,"Pizza"
2,5,6.3,"Pizza"
2,5.9,7.9,"Pizza"
2,5.9,7.9,"Pizza"
2,5.9,7.9,"Pizza"
2,5.9,7.9,"Pizza"
2,5.9,7.9,"Pizza"
2,5.9,7.9,"Pizza"
2,5.9,7.9,"Pizza"
2,5.9,7.9,"Pizza"
2,5.9,7.9,"Pizza"
2,5.9,7.9,"Pizza"
2,5.9,7.9,"Pizza"
2,5.9,7.9,"Pizza"
2,5.9,7.9,"Pizza"
2,5.9,7.9,"Pizza"
2,5.9,7.9,"Pizza"
2,5.9,7.9,"Pizza"
2,5.9,7.9,"Pizza"
2,5.9,7.9,"Pizza"
2,5.9,7.9,"Pizza"
2,5.9,7.9,"Pizza"
2,5.9,7.9,"Pizza"
2,5.9,7.9,"Pizza"
2,7.7,11.5,"Pizza"
2,3.2,7.1,"Desco"
2,3.2,7.1,"Desco"
2,6.5,9.5,"Pizza"
2,7.9,11.8,"Pizza"
2,7.3,10.8,"Pizza"
2,5.1,9.4,"Pizza"
2,4.8,7.7,"Pizza"
2,5.1,8.1,"Pizza"
2,5.9,7.9,"Pizza"
2,4.6,6.5,"Pizza"
2,5.9,7.9,"Pizza"
2,5.9,7.9,"Pizza"
2,7.5,8.3,"Pizza"
2,9.2,13.3,"Pizza"
2,9.1,13.8,"Pizza"
2,7.5,12.3,"Pizza"
2,5.9,7.9,"Pizza"
2,3.3,6.7,"Desco"
2,4.3,7.5,"Pizza"
2,4.3,7.2,"Pizza"
2,7.2,9.9,"Pizza"
2,10.6,12.2,"Pizza"
2,3.9,7.4,"Desco"
2,7.2,8.2,"Pizza"
2,5.9,7.9,"Pizza"
2,8.4,11.3,"Pizza"
2,14.1,18.7,"Pizza"
2,7.3,9.1,"Pizza"
2,9.3,10.9,"Pizza"
2,4.7,6.5,"Pizza"
2,6.2,10.5,"Pizza"
2,4.3,10,"Pizza"
2,6.5,8,"Pizza"
2,3.9,8.7,"Desco"
2,5.2,11,"Pizza"
2,4.9,8.5,"Pizza"
2,11.8,16.1,"Pizza"
2,9.4,15,"Pizza"
2,11.8,16.1,"Pizza"
2,9.8,11.8,"Pizza"
2,7.1,8.3,"Pizza"
2,8.3,8.3,"Pizza"
2,9.4,11,"Pizza"
2,7.9,12.7,"Pizza"
2,7.2,8.4,"Pizza"
2,3.7,6.7,"Desco"
2,2.4,7.6,"Cubo"
2,8.1,10.3,"Pizza"
2,7.1,12.5,"Pizza"
2,4.1,6.6,"Desco"
2,2,9.4,"Cubo"
2,6.6,7.1,"Pizza"
2.1,3.3,8.1,"Desco"
2.1,9.8,13.5,"Pizza"
2.1,9.8,13.5,"Pizza"
2.1,9.8,13.5,"Pizza"
2.1,3.9,9.6,"Desco"
2.1,5.3,10.3,"Pizza"
2.1,11,13.3,"Pizza"
2.1,4.1,6.2,"Desco"
2.1,2.2,7.6,"Cubo"
2.1,2.2,7.6,"Cubo"
2.1,3.6,7.9,"Desco"
2.1,4.1,11,"Desco"
2.1,2.1,5.7,"Cubo"
2.1,7.8,11.8,"Pizza"
2.1,7.4,12,"Pizza"
2.1,2.5,6.3,"Cubo"
2.1,2.2,2.2,"Cubo"
2.1,2.2,2.6,"Cubo"
2.1,6.9,10.2,"Pizza"
2.1,8.6,12,"Pizza"
2.1,8.1,9.3,"Pizza"
2.1,9.1,13.2,"Pizza"
2.1,7.4,10.4,"Pizza"
2.1,5.9,9.3,"Pizza"
2.1,7,12.6,"Pizza"
2.1,7,12.6,"Pizza"
2.1,11.7,13.3,"Pizza"
2.1,5.9,6.5,"Pizza"
2.2,5.2,23.2,"Pizza"
2.2,7.3,8.5,"Pizza"
2.2,4.9,10.2,"Pizza"
2.2,7.6,10.2,"Pizza"
2.2,8,10.7,"Pizza"
2.2,5,9.1,"Pizza"
2.2,5,9.1,"Pizza"
2.2,3.8,9.4,"Desco"
2.2,7,10,"Pizza"
2.2,4.9,7.7,"Pizza"
2.2,8.9,11.8,"Pizza"
2.2,8.7,8.8,"Pizza"
2.2,5.9,9.7,"Pizza"
2.2,6.5,11.7,"Pizza"
2.2,2.4,4.1,"Cubo"
2.2,6.9,9.3,"Pizza"
2.2,5.6,8.4,"Pizza"
2.2,6,7.3,"Pizza"
2.2,5.6,5.9,"Pizza"
2.2,4.4,8.1,"Desco"
2.2,2.4,4.1,"Cubo"
2.2,4.3,6.6,"Desco"
2.2,9.3,12.8,"Pizza"
2.2,2.2,2.2,"Cubo"
2.2,3.3,6.9,"Cubo"
2.2,3.3,6.7,"Cubo"
2.2,2.2,8.8,"Cubo"
2.2,6,7.3,"Pizza"
2.2,7.3,8.5,"Pizza"
2.2,7.3,8.5,"Pizza"
2.2,8.8,8.9,"Pizza"
2.2,2.6,5,"Cubo"
2.2,11.7,14.2,"Pizza"
2.2,2.2,4.4,"Cubo"
2.2,7.7,9.4,"Pizza"
2.2,10,11.1,"Pizza"
2.2,10,11.1,"Pizza"
2.2,9.3,9.9,"Pizza"
2.2,2.8,3.1,"Cubo"
2.2,5.8,6.5,"Pizza"
2.2,6.3,7.6,"Pizza"
2.2,4.1,9.2,"Desco"
2.2,2.6,8.2,"Cubo"
2.3,2.3,6.3,"Cubo"
2.3,2.3,6.3,"Cubo"
2.3,7.7,10.5,"Pizza"
2.3,8.4,10.5,"Pizza"
2.3,7.7,10.5,"Pizza"
2.3,8.7,10.9,"Pizza"
2.3,3.5,5,"Desco"
2.3,2.8,8.8,"Cubo"
2.3,3.5,6.3,"Desco"
2.3,4.1,4.3,"Desco"
2.3,3.5,4.7,"Desco"
2.3,3.5,4.7,"Desco"
2.3,3.5,5,"Desco"
2.3,3.4,5.1,"Cubo"
2.3,6.3,10.4,"Pizza"
2.3,4.1,4.3,"Desco"
2.3,3.5,4.7,"Desco"
2.3,2.4,2.7,"Cubo"
2.3,6.2,10.3,"Pizza"
2.3,4.1,4.3,"Desco"
2.3,5.1,8.1,"Pizza"
2.3,4.8,7.2,"Pizza"
2.3,9.4,15.2,"Pizza"
2.3,8.6,10,"Pizza"
2.3,3.2,6.6,"Cubo"
2.3,7.2,14.2,"Pizza"
2.3,4.2,7.7,"Desco"
2.3,7.2,14.2,"Pizza"
2.3,4.2,7.7,"Desco"
2.3,6,12.1,"Pizza"
2.3,5.9,11.5,"Pizza"
2.3,2.4,7.6,"Cubo"
2.3,2.4,7.6,"Cubo"
2.3,7.8,11,"Pizza"
2.3,6.7,9.6,"Pizza"
2.3,4.4,7.6,"Desco"
2.3,8.7,11.1,"Pizza"
2.3,2.3,3.2,"Cubo"
2.3,2.3,3.3,"Cubo"
2.3,2.3,3.2,"Cubo"
2.3,2.3,3,"Cubo"
2.3,8.1,11.2,"Pizza"
2.3,8.2,11.4,"Pizza"
2.3,2.3,3.2,"Cubo"
2.3,6.1,14.8,"Pizza"
2.3,2.8,9.7,"Cubo"
2.3,4.5,7,"Desco"
2.4,8.4,11.6,"Pizza"
2.4,2.4,7.8,"Cubo"
2.4,2.4,7.8,"Cubo"
2.4,2.5,6,"Cubo"
2.4,8.9,9.9,"Pizza"
2.4,2.4,7.8,"Cubo"
2.4,2.5,6,"Cubo"
2.4,8.9,9.9,"Pizza"
2.4,5.2,7.3,"Pizza"
2.4,3.9,7.9,"Desco"
2.4,4.1,7.8,"Desco"
2.4,2.4,4.7,"Cubo"
2.4,4.1,5.3,"Desco"
2.4,8,9.3,"Pizza"
2.4,7.9,8.7,"Pizza"
2.4,8.1,8.8,"Pizza"
2.4,7.7,10.4,"Pizza"
2.4,7.7,10.6,"Pizza"
2.4,7.6,10.6,"Pizza"
2.4,3.7,3.9,"Desco"
2.4,5.6,7.3,"Pizza"
2.4,6.9,10.7,"Pizza"
2.4,3.5,5.2,"Cubo"
2.4,3.1,3.9,"Cubo"
2.4,4.1,8,"Desco"
2.4,3.7,8.1,"Desco"
2.4,2.6,6.1,"Cubo"
2.4,6.2,7.2,"Pizza"
2.4,2.4,4.7,"Cubo"
2.4,3.7,8.1,"Desco"
2.4,2.5,9.8,"Cubo"
2.4,2.6,11.3,"Cubo"
2.4,2.4,6.3,"Cubo"
2.4,2.6,9.8,"Cubo"
2.4,2.5,4.7,"Cubo"
2.4,2.5,4.7,"Cubo"
2.4,6.3,8.2,"Pizza"
2.4,6.7,11.1,"Pizza"
2.4,5.1,8.3,"Pizza"
2.4,3.7,3.9,"Desco"
2.4,5.6,7.3,"Pizza"
2.4,3.4,5.7,"Cubo"
2.4,3.3,5.6,"Cubo"
2.4,6.9,10.7,"Pizza"
2.4,3.4,5.7,"Cubo"
2.4,6.1,6.9,"Pizza"
2.4,6.1,6.6,"Pizza"
2.4,6,6.7,"Pizza"
2.4,6,6.6,"Pizza"
2.4,3.7,3.9,"Desco"
2.4,6.9,10.7,"Pizza"
2.4,3.5,5.2,"Cubo"
2.4,5.6,7.3,"Pizza"
2.4,3.9,3.9,"Desco"
2.4,5.5,9.1,"Pizza"
2.4,3.9,5.4,"Desco"
2.4,3.5,4.4,"Cubo"
2.4,2.6,5,"Cubo"
2.4,4.1,7.7,"Desco"
2.4,5.4,7.5,"Pizza"
2.4,5.5,6.9,"Pizza"
2.4,6,6.7,"Pizza"
2.4,5.5,5.9,"Pizza"
2.4,3.6,5.2,"Cubo"
2.4,6.3,8.7,"Pizza"
2.4,6.1,9.2,"Pizza"
2.4,6.1,9.2,"Pizza"
2.4,8.5,12.1,"Pizza"
2.4,8.5,8.6,"Pizza"
2.4,8.3,11.2,"Pizza"
2.4,8.7,10.4,"Pizza"
2.4,9.8,10.6,"Pizza"
2.4,7,11.9,"Pizza"
2.4,8.9,10.5,"Pizza"
2.4,6.1,8.6,"Pizza"
2.4,9.6,12.3,"Pizza"
2.4,3,6.9,"Cubo"
2.4,5.1,6.9,"Pizza"
2.4,4.7,6.9,"Desco"
2.4,11.3,15.7,"Pizza"
2.4,4.5,8,"Desco"
2.4,9.6,11.3,"Pizza"
2.4,2.5,8.7,"Cubo"
2.4,4.1,6.7,"Desco"
2.4,9.4,11,"Pizza"
2.4,9.4,11,"Pizza"
2.4,4.5,8,"Desco"
2.4,9.6,11.3,"Pizza"
2.4,9.1,9.8,"Pizza"
2.4,9.1,13,"Pizza"
2.4,6.7,10.2,"Pizza"
2.4,3.1,4.3,"Cubo"
2.4,2.4,3.2,"Cubo"
2.4,7.5,9,"Pizza"
2.4,6.9,7.4,"Pizza"
2.4,5.7,14.6,"Pizza"
2.4,3.1,10.8,"Cubo"
2.4,3.3,8.7,"Cubo"
2.5,10.3,12,"Pizza"
2.5,3.9,8,"Desco"
2.5,2.5,2.6,"Cubo"
2.5,6.9,7,"Pizza"
2.5,3.7,6.5,"Cubo"
2.5,3.7,6.5,"Cubo"
2.5,2.5,8.3,"Cubo"
2.5,2.5,8.3,"Cubo"
2.5,3.9,8,"Desco"
2.5,7,10.6,"Pizza"
2.5,9.2,12.1,"Pizza"
2.5,4.6,7.4,"Desco"
2.5,4.2,5.7,"Desco"
2.5,8,9,"Pizza"
2.5,5.8,13,"Pizza"
2.5,3,9.5,"Cubo"
2.5,6.1,8.8,"Pizza"
2.5,2.5,2.6,"Cubo"
2.5,4.6,5.6,"Desco"
2.5,5.7,7.5,"Pizza"
2.5,2.5,2.6,"Cubo"
2.5,3.1,12.5,"Cubo"
2.5,6.4,9.4,"Pizza"
2.5,11.3,13.8,"Pizza"
2.5,7.9,12.7,"Pizza"
2.5,7.1,10.8,"Pizza"
2.5,7.6,10.6,"Pizza"
2.5,5.4,7.5,"Pizza"
2.5,3.5,8.2,"Cubo"
2.5,3.9,6.6,"Desco"
2.5,6.8,9.9,"Pizza"
2.5,2.6,4.5,"Cubo"
2.5,2.5,4.7,"Cubo"
2.5,2.5,3.6,"Cubo"
2.6,8.5,10.4,"Pizza"
2.6,8.7,11.5,"Pizza"
2.6,2.6,4.5,"Cubo"
2.6,7.6,8.5,"Pizza"
2.6,3,11.2,"Cubo"
2.6,3,11.2,"Cubo"
2.6,2.7,7.8,"Cubo"
2.6,3,11.2,"Cubo"
2.6,2.7,7.8,"Cubo"
2.6,5.2,8.8,"Desco"
2.6,4.4,7.7,"Desco"
2.6,3,4.8,"Cubo"
2.6,7.6,10.6,"Pizza"
2.6,7.9,9.1,"Pizza"
2.6,3.9,6.1,"Cubo"
2.6,3.9,6,"Cubo"
2.6,3.1,5.2,"Cubo"
2.6,3.1,5.2,"Cubo"
2.6,3,5.9,"Cubo"
2.6,3.7,8,"Cubo"
2.6,2.6,7.4,"Cubo"
2.6,2.7,11.1,"Cubo"
2.6,3.5,10.3,"Cubo"
2.6,2.6,4.7,"Cubo"
2.6,4.1,6,"Desco"
2.6,3.7,8,"Cubo"
2.6,2.7,11.1,"Cubo"
2.6,3.5,10.3,"Cubo"
2.6,5.2,5.3,"Desco"
2.6,2.8,9.4,"Cubo"
2.6,2.7,9.3,"Cubo"
2.6,2.7,11.1,"Cubo"
2.6,2.6,7.4,"Cubo"
2.6,4.9,7.3,"Desco"
2.6,3,10.2,"Cubo"
2.6,2.9,8.3,"Cubo"
2.6,8.8,8.9,"Pizza"
2.6,2.9,8.3,"Cubo"
2.6,4.5,6.1,"Desco"
2.6,6,6.6,"Pizza"
2.6,2.8,6.3,"Cubo"
2.6,3.1,5.2,"Cubo"
2.6,2.9,3.3,"Cubo"
2.6,3,9.1,"Cubo"
2.6,2.7,3.7,"Cubo"
2.6,3.3,5.1,"Cubo"
2.6,4.3,7.5,"Desco"
2.6,3.6,4.4,"Cubo"
2.6,2.6,4.8,"Cubo"
2.6,2.6,4.8,"Cubo"
2.6,4.4,7.7,"Desco"
2.6,4,8,"Desco"
2.6,4.4,7.7,"Desco"
2.6,4,8,"Desco"
2.6,5,8.5,"Desco"
2.6,8,10.3,"Pizza"
2.6,5,6.7,"Desco"
2.6,9.4,10.5,"Pizza"
2.6,8.6,11,"Pizza"
2.6,9.1,12.6,"Pizza"
2.6,6.1,8.3,"Pizza"
2.6,3.5,7.8,"Cubo"
2.6,9.2,11.3,"Pizza"
2.6,7.1,11.2,"Pizza"
2.6,5.9,7.9,"Pizza"
2.6,8.5,10.9,"Pizza"
2.6,9.1,9.6,"Pizza"
2.6,9.1,9.6,"Pizza"
2.6,5.6,12.1,"Pizza"
2.6,2.6,2.6,"Cubo"
2.6,2.6,3.7,"Cubo"
2.6,2.7,2.9,"Cubo"
2.6,2.6,2.6,"Cubo"
2.6,2.7,3,"Cubo"
2.6,2.6,4.4,"Cubo"
2.6,2.6,4.4,"Cubo"
2.6,2.6,7.9,"Cubo"
2.6,6.7,7.2,"Pizza"
2.7,10.8,13.7,"Pizza"
2.7,4.5,10.6,"Desco"
2.7,3.1,5.1,"Cubo"
2.7,5.7,9.4,"Pizza"
2.7,5.2,8,"Desco"
2.7,3.1,5.1,"Cubo"
2.7,3,8.1,"Cubo"
2.7,3.5,5.4,"Cubo"
2.7,3.2,6.9,"Cubo"
2.7,3.7,7.8,"Cubo"
2.7,4.3,6.7,"Desco"
2.7,8.1,8.9,"Pizza"
2.7,10.9,11,"Pizza"
2.7,5.5,8.1,"Desco"
2.7,3.1,5.1,"Cubo"
2.7,3.5,5.4,"Cubo"
2.7,3,5.2,"Cubo"
2.7,3.2,5.4,"Cubo"
2.7,3.2,5.1,"Cubo"
2.7,2.7,3.2,"Cubo"
2.7,3.1,5.4,"Cubo"
2.7,3.1,5.4,"Cubo"
2.7,6.3,9.7,"Pizza"
2.7,3.3,5.4,"Cubo"
2.7,5.3,6.3,"Desco"
2.7,3.1,5.3,"Cubo"
2.7,3.2,5.2,"Cubo"
2.7,9.2,12.5,"Pizza"
2.7,2.8,7.6,"Cubo"
2.7,3.1,8.4,"Cubo"
2.7,5.4,7.6,"Desco"
2.7,13.1,14.2,"Pizza"
2.7,3,8.1,"Cubo"
2.7,3,8.1,"Cubo"
2.7,12.8,15.3,"Pizza"
2.7,3,8.1,"Cubo"
2.7,3,8.1,"Cubo"
2.7,6,7.7,"Pizza"
2.7,3.1,5.1,"Cubo"
2.7,3.5,5.4,"Cubo"
2.7,3,5.2,"Cubo"
2.7,3.3,5.2,"Cubo"
2.7,5.6,6.5,"Pizza"
2.7,5.5,6.7,"Desco"
2.7,3.3,5.1,"Cubo"
2.7,3.1,5.1,"Cubo"
2.7,3,5.2,"Cubo"
2.7,3.2,5.4,"Cubo"
2.7,3.2,5.1,"Cubo"
2.7,2.7,3.2,"Cubo"
2.7,3.5,5.4,"Cubo"
2.7,3.3,5.2,"Cubo"
2.7,3.6,3.6,"Cubo"
2.7,3.1,5.1,"Cubo"
2.7,3.3,5.2,"Cubo"
2.7,3.1,5.2,"Cubo"
2.7,3.1,5.2,"Cubo"
2.7,5.8,13.1,"Pizza"
2.7,3.3,5.7,"Cubo"
2.7,5.4,12.5,"Desco"
2.7,5.8,7.7,"Pizza"
2.7,8.7,13.2,"Pizza"
2.7,7.2,8.2,"Pizza"
2.7,7.1,8.9,"Pizza"
2.7,5.9,6.1,"Pizza"
2.7,3.3,5.2,"Cubo"
2.7,3,5.3,"Cubo"
2.7,3.4,5.3,"Cubo"
2.7,5.2,10.7,"Desco"
2.7,7.7,14.3,"Pizza"
2.7,5.2,10.7,"Desco"
2.7,7.7,14.3,"Pizza"
2.7,6.8,10.8,"Pizza"
2.7,10.8,13.7,"Pizza"
2.7,5.7,9.4,"Pizza"
2.7,5.2,8,"Desco"
2.7,10.8,13.7,"Pizza"
2.7,5.7,9.4,"Pizza"
2.7,5.2,8,"Desco"
2.7,6.9,9.2,"Pizza"
2.7,11.1,12,"Pizza"
2.7,9.1,11.7,"Pizza"
2.7,4.6,11.3,"Desco"
2.7,4,9.3,"Cubo"
2.7,4.8,5,"Desco"
2.7,3.5,5,"Cubo"
2.7,2.8,5,"Cubo"
2.7,3.1,6.3,"Cubo"
2.7,8,9.3,"Pizza"
2.7,4,7,"Cubo"
2.7,3.8,11,"Cubo"
2.8,3,5.6,"Cubo"
2.8,6.7,12.4,"Pizza"
2.8,5,10.9,"Desco"
2.8,2.9,10,"Cubo"
2.8,2.9,5.2,"Cubo"
2.8,3.7,5,"Cubo"
2.8,7.5,11,"Pizza"
2.8,4.2,8.4,"Cubo"
2.8,4.7,4.7,"Desco"
2.8,3.9,8.9,"Cubo"
2.8,4.8,8.5,"Desco"
2.8,3.9,8.9,"Cubo"
2.8,4.8,8.5,"Desco"
2.8,6.4,6.9,"Pizza"
2.8,3.9,8.9,"Cubo"
2.8,6.4,6.9,"Pizza"
2.8,4.8,6.7,"Desco"
2.8,4.3,8.5,"Desco"
2.8,4.7,11.7,"Desco"
2.8,4.5,7.9,"Desco"
2.8,2.9,6.9,"Cubo"
2.8,5.5,8.2,"Desco"
2.8,8.1,8.9,"Pizza"
2.8,5.8,8,"Pizza"
2.8,3.1,5.2,"Cubo"
2.8,3.2,5.2,"Cubo"
2.8,3.2,5.2,"Cubo"
2.8,3.3,5,"Cubo"
2.8,5.4,6.3,"Desco"
2.8,3.3,5.4,"Cubo"
2.8,3.2,5.2,"Cubo"
2.8,3.2,6,"Cubo"
2.8,3.3,5.4,"Cubo"
2.8,3.2,5.2,"Cubo"
2.8,3.2,5.6,"Cubo"
2.8,3.2,5.7,"Cubo"
2.8,3.1,5.9,"Cubo"
2.8,9.8,13.5,"Pizza"
2.8,2.9,10.1,"Cubo"
2.8,3.9,8.9,"Cubo"
2.8,5.1,8.7,"Desco"
2.8,2.9,6.2,"Cubo"
2.8,2.9,9.1,"Cubo"
2.8,9.8,13.5,"Pizza"
2.8,3.9,8.9,"Cubo"
2.8,5.1,8.7,"Desco"
2.8,2.9,9.1,"Cubo"
2.8,2.9,6.2,"Cubo"
2.8,2.9,10.1,"Cubo"
2.8,2.9,7.3,"Cubo"
2.8,6.1,8.6,"Pizza"
2.8,6.3,8.3,"Pizza"
2.8,3,8.2,"Cubo"
2.8,8.7,10.7,"Pizza"
2.8,2.9,4.6,"Cubo"
2.8,3,8.2,"Cubo"
2.8,3,8.2,"Cubo"
2.8,2.9,6.8,"Cubo"
2.8,3,8.1,"Cubo"
2.8,8.1,9.6,"Pizza"
2.8,2.8,9.4,"Cubo"
2.8,9.6,10.3,"Pizza"
2.8,3.1,8.3,"Cubo"
2.8,2.8,8.3,"Cubo"
2.8,7.8,11.7,"Pizza"
2.8,7.9,11.7,"Pizza"
2.8,2.9,8,"Cubo"
2.8,3.1,5.2,"Cubo"
2.8,3.3,5.3,"Cubo"
2.8,3.8,8.1,"Cubo"
2.8,3.2,5.3,"Cubo"
2.8,3.7,5.4,"Cubo"
2.8,3.1,5.2,"Cubo"
2.8,4.9,7.4,"Desco"
2.8,2.8,4.7,"Cubo"
2.8,5,9.7,"Desco"
2.8,3.9,6.7,"Cubo"
2.8,9.1,12,"Pizza"
2.8,3.7,5.5,"Cubo"
2.8,5,7.4,"Desco"
2.8,6.3,8.8,"Pizza"
2.8,3.1,5.6,"Cubo"
2.8,3.1,5.1,"Cubo"
2.8,2.9,8,"Cubo"
2.8,5.1,5.5,"Desco"
2.8,3.6,5.5,"Cubo"
2.8,3.2,4.4,"Cubo"
2.8,5.3,5.7,"Desco"
2.8,3.1,6.1,"Cubo"
2.8,8.3,11.6,"Pizza"
2.8,7.1,11.2,"Pizza"
2.8,3.2,5.6,"Cubo"
2.8,3.6,5.9,"Cubo"
2.8,3.4,5.4,"Cubo"
2.8,7.2,8.2,"Pizza"
2.8,2.8,5.1,"Cubo"
2.8,6.9,8.1,"Pizza"
2.8,7.2,8.1,"Pizza"
2.8,3.3,5.2,"Cubo"
2.8,3.2,5.2,"Cubo"
2.8,3.3,5.6,"Cubo"
2.8,5.3,10.9,"Desco"
2.8,6.7,14.1,"Pizza"
2.8,6.7,14.1,"Pizza"
2.8,3,5.6,"Cubo"
2.8,3,5.6,"Cubo"
2.8,3.9,6.9,"Cubo"
2.8,10,11.8,"Pizza"
2.8,6.9,7.7,"Pizza"
2.8,5.2,8.5,"Desco"
2.8,2.8,4.6,"Cubo"
2.8,4.8,9.3,"Desco"
2.8,6.2,13,"Pizza"
2.8,6.9,10.7,"Pizza"
2.8,4.8,9.3,"Desco"
2.8,11,11.4,"Pizza"
2.8,9.1,15,"Pizza"
2.8,5.1,11.8,"Desco"
2.8,7.6,7.9,"Pizza"
2.8,7.9,11.4,"Pizza"
2.8,3,5.7,"Cubo"
2.8,4.1,4.8,"Cubo"
2.8,2.8,3.1,"Cubo"
2.8,6.5,7.1,"Pizza"
2.8,6.1,7.2,"Pizza"
2.8,6,7.8,"Pizza"
2.8,2.8,12,"Cubo"
2.8,11.3,14.2,"Pizza"
2.8,2.8,12.4,"Cubo"
2.9,3.2,3.7,"Cubo"
2.9,3.2,10.8,"Cubo"
2.9,4.7,9.6,"Desco"
2.9,5.7,12.5,"Desco"
2.9,5.7,5.8,"Desco"
2.9,6.1,10.9,"Pizza"
2.9,7.1,10.1,"Pizza"
2.9,4.2,7.3,"Cubo"
2.9,2.9,6.3,"Cubo"
2.9,3.1,5.9,"Cubo"
2.9,6.8,13,"Pizza"
2.9,3.1,8.5,"Cubo"
2.9,4.8,12.9,"Desco"
2.9,10.5,11.2,"Pizza"
2.9,8.9,10.1,"Pizza"
2.9,2.9,5.4,"Cubo"
2.9,3,10.6,"Cubo"
2.9,8.5,10.9,"Pizza"
2.9,3,9.6,"Cubo"
2.9,3,10.6,"Cubo"
2.9,5.7,14.4,"Desco"
2.9,3,8.5,"Cubo"
2.9,3.2,14.7,"Cubo"
2.9,7.2,9.2,"Pizza"
2.9,4.3,4.3,"Cubo"
2.9,6.3,8.1,"Pizza"
2.9,8.3,9.7,"Pizza"
2.9,5.7,8.2,"Desco"
2.9,3.1,8.2,"Cubo"
2.9,3.2,14.7,"Cubo"
2.9,4.3,4.3,"Cubo"
2.9,3,4.4,"Cubo"
2.9,8.2,9.2,"Pizza"
2.9,8.1,9.2,"Pizza"
2.9,3,8.3,"Cubo"
2.9,3,8.1,"Cubo"
2.9,3.1,8.2,"Cubo"
2.9,3,8.2,"Cubo"
2.9,8.5,9.9,"Pizza"
2.9,8.3,9.3,"Pizza"
2.9,5.7,5.8,"Desco"
2.9,8,8.2,"Pizza"
2.9,5.6,6.7,"Desco"
2.9,3.4,5.7,"Cubo"
2.9,5.6,6.5,"Desco"
2.9,3,4.4,"Cubo"
2.9,5.6,6.7,"Desco"
2.9,3.4,5.7,"Cubo"
2.9,5.6,6.5,"Desco"
2.9,3,6.4,"Cubo"
2.9,4.8,12.9,"Desco"
2.9,7.5,10.7,"Pizza"
2.9,4.9,7.4,"Desco"
2.9,3,5.9,"Cubo"
2.9,3,5.7,"Cubo"
2.9,3,4.4,"Cubo"
2.9,5.6,6.4,"Desco"
2.9,2.9,5.9,"Cubo"
2.9,3,6,"Cubo"
2.9,5.7,6.8,"Desco"
2.9,5.7,9.6,"Desco"
2.9,7.2,7.7,"Pizza"
2.9,7.6,8,"Pizza"
2.9,10.7,12.3,"Pizza"
2.9,3.4,9.7,"Cubo"
2.9,2.9,6.7,"Cubo"
2.9,7.4,10.9,"Pizza"
2.9,5.4,8.6,"Desco"
2.9,4.2,4.3,"Cubo"
2.9,7.4,10.9,"Pizza"
2.9,11.2,12.1,"Pizza"
2.9,2.9,3.6,"Cubo"
2.9,8.5,12.5,"Pizza"
2.9,9.4,9.6,"Pizza"
3,3,12.9,"Cubo"
3,3.3,10,"Cubo"
3,12.8,14.6,"Pizza"
3,3,12.9,"Cubo"
3,3,13,"Cubo"
3,9.1,13.2,"Pizza"
3,3.1,12.8,"Cubo"
3,4.1,4.8,"Cubo"
3,3,11.3,"Cubo"
3,3,4,"Cubo"
3,3.7,8.7,"Cubo"
3,3.1,14.6,"Cubo"
3,9.2,12.3,"Pizza"
3,4,4.6,"Cubo"
3,3.1,14.6,"Cubo"
3,4,4.6,"Cubo"
3,3.1,14.6,"Cubo"
3,4,4.6,"Cubo"
3,3.7,8.7,"Cubo"
3,3.1,9.3,"Cubo"
3,3.7,8.7,"Cubo"
3,3.1,9.3,"Cubo"
3,6.1,10.1,"Desco"
3,8.3,9.2,"Pizza"
3,6.3,8.7,"Pizza"
3,5.9,14.9,"Desco"
3,7.7,8.3,"Pizza"
3,10,10.7,"Pizza"
3,3.1,3.7,"Cubo"
3,7.2,10.7,"Pizza"
3,6.1,10.2,"Desco"
3,3.2,5.2,"Cubo"
3,3.1,9,"Cubo"
3,10.1,10.3,"Pizza"
3,3.2,5,"Cubo"
3,3,12.9,"Cubo"
3,3.1,6.2,"Cubo"
3,3.1,6.1,"Cubo"
3,3.1,9.6,"Cubo"
3,3,12.9,"Cubo"
3,3.1,6.1,"Cubo"
3,3,6.3,"Cubo"
3,5.3,7.1,"Desco"
3,3.1,6.2,"Cubo"
3,4,11.4,"Cubo"
3,3.1,6.5,"Cubo"
3,8.6,12.4,"Pizza"
3,4.6,10.3,"Desco"
3,3,8.3,"Cubo"
3,10.3,11.8,"Pizza"
3,9.3,9.7,"Pizza"
3,6.4,8.4,"Pizza"
3,9.3,9.7,"Pizza"
3,3,9.4,"Cubo"
3,3.1,8.1,"Cubo"
3,3,8.3,"Cubo"
3,3.1,8.3,"Cubo"
3,8.3,15.9,"Pizza"
3,4.6,10.3,"Desco"
3,3,8.3,"Cubo"
3,6.4,8.4,"Pizza"
3,8.4,9.4,"Pizza"
3,3,8.1,"Cubo"
3,3,8.3,"Cubo"
3,3.1,8.2,"Cubo"
3,10.3,11.8,"Pizza"
3,3.1,8.3,"Cubo"
3,3.3,9.2,"Cubo"
3,6,8,"Desco"
3,3.1,8.1,"Cubo"
3,9.9,12.9,"Pizza"
3,3,6,"Cubo"
3,3.3,11.6,"Cubo"
3,3.1,3.7,"Cubo"
3,5.6,10.7,"Desco"
3,3,6.5,"Cubo"
3,5.9,11.8,"Desco"
3,6,7,"Desco"
3,3.1,3.7,"Cubo"
3,7.2,10.7,"Pizza"
3,6.1,10.2,"Desco"
3,3.4,6.5,"Cubo"
3,3,3.4,"Cubo"
3,3,5.9,"Cubo"
3,3,4,"Cubo"
3,3,6,"Cubo"
3,3.3,11.6,"Cubo"
3,5.6,9.4,"Desco"
3,4.2,6.3,"Cubo"
3,3,5.9,"Cubo"
3,3.1,5.9,"Cubo"
3,5.9,12.6,"Desco"
3,3,7.5,"Cubo"
3,10.7,12.3,"Pizza"
3,10.6,12.2,"Pizza"
3,3,4,"Cubo"
3,3.5,4,"Cubo"
3,3,7.5,"Cubo"
3,6.5,13.7,"Pizza"
3,6.5,14.4,"Pizza"
3,6.6,15.5,"Pizza"
3,6.5,13.7,"Pizza"
3,6.5,14.4,"Pizza"
3,12.8,14.6,"Pizza"
3,3,13,"Cubo"
3,5.1,11.2,"Desco"
3,4.9,7.8,"Desco"
3,6.4,8.6,"Pizza"
3,10,19.3,"Pizza"
3,5.7,7.4,"Desco"
3,8.4,12,"Pizza"
3,7.1,8.1,"Pizza"
3,5.3,6.9,"Desco"
3,6.3,10.3,"Pizza"
3,5.6,14.3,"Desco"
3,8.8,12.3,"Pizza"
3,11.2,11.7,"Pizza"
3,8.8,12.3,"Pizza"
3,11.2,11.7,"Pizza"
3,5.6,14.3,"Desco"
3,3.3,4.6,"Cubo"
3,3.9,6.9,"Cubo"
3,3,5,"Cubo"
3,3.3,4.3,"Cubo"
3,3.9,4.4,"Cubo"
3,6.1,7.6,"Desco"
3,6,9.6,"Desco"
3.1,4.2,6.3,"Cubo"
3.1,5.3,11.8,"Desco"
3.1,7.3,11.2,"Pizza"
3.1,5.8,5.8,"Desco"
3.1,5.8,5.9,"Desco"
3.1,5.8,5.9,"Desco"
3.1,5.9,5.9,"Desco"
3.1,3.2,9.4,"Cubo"
3.1,3.1,9.1,"Cubo"
3.1,3.1,9.4,"Cubo"
3.1,3.2,9.4,"Cubo"
3.1,3.1,9.1,"Cubo"
3.1,3.1,9.4,"Cubo"
3.1,4.3,7.6,"Cubo"
3.1,4.6,10.2,"Cubo"
3.1,3.1,4.7,"Cubo"
3.1,6,10.2,"Desco"
3.1,5.5,9.5,"Desco"
3.1,9,11,"Pizza"
3.1,3.1,6,"Cubo"
3.1,3.1,11.2,"Cubo"
3.1,5.8,9.4,"Desco"
3.1,6.5,10.1,"Pizza"
3.1,3.1,6,"Cubo"
3.1,3.1,11.2,"Cubo"
3.1,5.8,9.4,"Desco"
3.1,3.5,4.5,"Cubo"
3.1,6.4,8.5,"Pizza"
3.1,8.3,10.4,"Pizza"
3.1,3.9,4.7,"Cubo"
3.1,6.3,8,"Desco"
3.1,6.6,11.7,"Pizza"
3.1,3.1,6.5,"Cubo"
3.1,3.1,12.4,"Cubo"
3.1,3.1,9.4,"Cubo"
3.1,3.1,11.5,"Cubo"
3.1,3.1,8.1,"Cubo"
3.1,6.4,9.5,"Pizza"
3.1,3.1,4.3,"Cubo"
3.1,3.1,8.1,"Cubo"
3.1,6.4,9.5,"Pizza"
3.1,3.3,8.1,"Cubo"
3.1,3.1,8.3,"Cubo"
3.1,6.6,16.8,"Pizza"
3.1,7.9,9,"Pizza"
3.1,8.3,8.7,"Pizza"
3.1,3.4,5.8,"Cubo"
3.1,3.4,5.7,"Cubo"
3.1,5.7,19.4,"Desco"
3.1,5.6,5.9,"Desco"
3.1,3.2,6.4,"Cubo"
3.1,6,10.2,"Desco"
3.1,3.3,8.8,"Cubo"
3.1,5.1,11.3,"Desco"
3.1,3.4,5.8,"Cubo"
3.1,3.2,4.1,"Cubo"
3.1,3.3,8.8,"Cubo"
3.1,3.3,6,"Cubo"
3.1,3.1,5.9,"Cubo"
3.1,5.1,18.7,"Desco"
3.1,10.6,12.3,"Pizza"
3.1,3.1,8.7,"Cubo"
3.1,8.5,9.8,"Pizza"
3.1,3.4,5.7,"Cubo"
3.1,8.7,10.4,"Pizza"
3.1,7.3,11.2,"Pizza"
3.1,6.7,12.7,"Pizza"
3.1,6.7,12.1,"Pizza"
3.1,7.3,11.2,"Pizza"
3.1,6.7,12.7,"Pizza"
3.1,6.7,12.1,"Pizza"
3.1,4.2,6.3,"Cubo"
3.1,5.9,7.6,"Desco"
3.1,7.4,7.4,"Pizza"
3.1,4.2,6.3,"Cubo"
3.1,5.1,13.2,"Desco"
3.1,10.8,12.2,"Pizza"
3.1,3.1,4.9,"Cubo"
3.1,8.6,12.6,"Pizza"
3.1,7.4,9.2,"Pizza"
3.1,7.2,10.7,"Pizza"
3.1,5.7,9.2,"Desco"
3.1,3.1,6,"Cubo"
3.1,5.4,9.3,"Desco"
3.1,11.8,11.8,"Pizza"
3.1,10.2,11.4,"Pizza"
3.1,11,11.4,"Pizza"
3.1,11.4,15.4,"Pizza"
3.1,3.1,5.5,"Cubo"
3.1,8.2,9.8,"Pizza"
3.1,11.8,11.8,"Pizza"
3.1,4.6,7.7,"Cubo"
3.1,3.1,4.9,"Cubo"
3.1,3.5,7.5,"Cubo"
3.1,3.2,6.1,"Cubo"
3.1,3.5,6.2,"Cubo"
3.1,3.6,4,"Cubo"
3.1,3.1,4,"Cubo"
3.1,6,7.7,"Desco"
3.1,13.1,13.5,"Pizza"
3.1,4.3,10.4,"Cubo"
3.2,3.2,10.4,"Cubo"
3.2,3.2,11.8,"Cubo"
3.2,3.3,11.8,"Cubo"
3.2,6.5,13,"Desco"
3.2,5.8,5.9,"Desco"
3.2,5.8,5.9,"Desco"
3.2,8,11.6,"Pizza"
3.2,4.2,12.4,"Cubo"
3.2,8.2,10.4,"Pizza"
3.2,3.2,9.4,"Cubo"
3.2,3.2,9.4,"Cubo"
3.2,5.7,8.7,"Desco"
3.2,6.9,13.4,"Pizza"
3.2,8.1,9.5,"Pizza"
3.2,9.4,13.1,"Pizza"
3.2,5.3,7.4,"Desco"
3.2,5.2,11.1,"Desco"
3.2,5.3,11,"Desco"
3.2,4.9,5.7,"Desco"
3.2,3.4,5,"Cubo"
3.2,6.1,14.6,"Desco"
3.2,3.5,10.8,"Cubo"
3.2,3.5,10.8,"Cubo"
3.2,3.2,9.4,"Cubo"
3.2,7.4,10.3,"Pizza"
3.2,7.4,10.3,"Pizza"
3.2,5.3,7.4,"Desco"
3.2,5.3,11.1,"Desco"
3.2,5.2,11.1,"Desco"
3.2,5.3,11,"Desco"
3.2,7.2,8,"Pizza"
3.2,5.3,5.4,"Desco"
3.2,3.3,4.5,"Cubo"
3.2,5.3,7.4,"Desco"
3.2,5.3,11,"Desco"
3.2,4.9,5.7,"Desco"
3.2,3.4,5,"Cubo"
3.2,6.1,14.6,"Desco"
3.2,5.2,11.1,"Desco"
3.2,10.7,12.6,"Pizza"
3.2,3.7,4.1,"Cubo"
3.2,5.7,6.2,"Desco"
3.2,7.5,9.8,"Pizza"
3.2,3.4,5.4,"Cubo"
3.2,5.3,11.1,"Desco"
3.2,5.3,11,"Desco"
3.2,8.6,12.8,"Pizza"
3.2,5.8,11.3,"Desco"
3.2,3.9,5.5,"Cubo"
3.2,3.5,3.6,"Cubo"
3.2,5.4,8,"Desco"
3.2,9.1,13.1,"Pizza"
3.2,7.3,11.1,"Pizza"
3.2,3.5,5.4,"Cubo"
3.2,5.7,8,"Desco"
3.2,7.3,11.1,"Pizza"
3.2,5.4,10.8,"Desco"
3.2,3.3,6.5,"Cubo"
3.2,4.2,12.4,"Cubo"
3.2,6.5,13,"Desco"
3.2,7,11.7,"Pizza"
3.2,6.5,13.9,"Desco"
3.2,6.5,13,"Desco"
3.2,7,11.7,"Pizza"
3.2,6.5,13.9,"Desco"
3.2,3.3,7.6,"Cubo"
3.2,9.4,11.6,"Pizza"
3.2,7.6,11.3,"Pizza"
3.2,3.2,8.2,"Cubo"
3.2,9,10.4,"Pizza"
3.2,9,10.4,"Pizza"
3.2,3.9,5,"Cubo"
3.2,3.3,5.2,"Cubo"
3.2,7.1,16,"Pizza"
3.2,6.1,14.4,"Desco"
3.3,6.3,11.5,"Desco"
3.3,6.3,11.5,"Desco"
3.3,5.2,9,"Desco"
3.3,3.3,5.9,"Cubo"
3.3,5.4,11,"Desco"
3.3,3.3,11.8,"Cubo"
3.3,5.9,11,"Desco"
3.3,6.1,8.4,"Desco"
3.3,8.6,11.5,"Pizza"
3.3,5.4,9.5,"Desco"
3.3,5.4,9.5,"Desco"
3.3,11.3,11.7,"Pizza"
3.3,11.3,11.7,"Pizza"
3.3,5.4,9.5,"Desco"
3.3,4.6,7.5,"Cubo"
3.3,3.3,3.9,"Cubo"
3.3,5.3,9.1,"Desco"
3.3,8.1,8.9,"Pizza"
3.3,5.9,13.6,"Desco"
3.3,8.5,11,"Pizza"
3.3,3.3,9.4,"Cubo"
3.3,5.4,11,"Desco"
3.3,5.9,11,"Desco"
3.3,6.2,11.3,"Desco"
3.3,5.8,11,"Desco"
3.3,5.8,11.3,"Desco"
3.3,5.9,11.2,"Desco"
3.3,5.1,9.6,"Desco"
3.3,5.3,7.4,"Desco"
3.3,5.9,11.2,"Desco"
3.3,5.9,11.3,"Desco"
3.3,5.9,11,"Desco"
3.3,5.8,11.2,"Desco"
3.3,3.3,4.6,"Cubo"
3.3,3.5,4.8,"Cubo"
3.3,6.3,6.7,"Desco"
3.3,5.4,7.6,"Desco"
3.3,5.6,8.9,"Desco"
3.3,3.4,9.7,"Cubo"
3.3,5.6,8.9,"Desco"
3.3,3.4,9.7,"Cubo"
3.3,3.5,9.6,"Cubo"
3.3,6.1,10.5,"Desco"
3.3,5.2,5.3,"Desco"
3.3,6.3,11.3,"Desco"
3.3,8.1,8.5,"Pizza"
3.3,3.4,4.6,"Cubo"
3.3,4.5,7.9,"Cubo"
3.3,4.3,7.9,"Cubo"
3.3,6.3,11.5,"Desco"
3.3,6.3,8.1,"Desco"
3.3,12,13.1,"Pizza"
3.3,5.4,11,"Desco"
3.3,5.9,11,"Desco"
3.3,3.3,4.5,"Cubo"
3.3,6.2,11.3,"Desco"
3.3,5.8,11,"Desco"
3.3,5.8,11.3,"Desco"
3.3,5.9,11.2,"Desco"
3.3,5.1,9.6,"Desco"
3.3,5.4,11,"Desco"
3.3,3.3,4.5,"Cubo"
3.3,5.9,11.3,"Desco"
3.3,5.4,11,"Desco"
3.3,5.9,11,"Desco"
3.3,6.2,11.3,"Desco"
3.3,5.8,11,"Desco"
3.3,5.8,11.3,"Desco"
3.3,5.9,11.2,"Desco"
3.3,5.1,9.6,"Desco"
3.3,5.3,7.4,"Desco"
3.3,5.9,11.2,"Desco"
3.3,5.9,11.3,"Desco"
3.3,5.8,11.2,"Desco"
3.3,3.3,4.6,"Cubo"
3.3,5.9,11,"Desco"
3.3,5.9,11.2,"Desco"
3.3,5.9,11.1,"Desco"
3.3,3.3,4.6,"Cubo"
3.3,3.3,4.5,"Cubo"
3.3,3.5,3.5,"Cubo"
3.3,5.9,11.2,"Desco"
3.3,5.9,11.2,"Desco"
3.3,5.9,11.2,"Desco"
3.3,12.8,16,"Pizza"
3.3,10.1,10.2,"Pizza"
3.3,5.3,11.1,"Desco"
3.3,3.3,3.3,"Cubo"
3.3,5.8,11.3,"Desco"
3.3,5.8,11.3,"Desco"
3.3,9,10.6,"Pizza"
3.3,3.4,7,"Cubo"
3.3,4.5,5.3,"Cubo"
3.3,5.4,11,"Desco"
3.3,5.2,6.6,"Desco"
3.3,3.3,6,"Cubo"
3.3,3.7,4.8,"Cubo"
3.3,3.3,12.2,"Cubo"
3.3,3.3,12.2,"Cubo"
3.3,5.4,11.7,"Desco"
3.3,6,9.3,"Desco"
3.3,6.3,14.5,"Desco"
3.3,6.5,11,"Desco"
3.3,12,16,"Pizza"
3.3,7.6,13.3,"Pizza"
3.3,5.4,11.7,"Desco"
3.3,6,9.3,"Desco"
3.3,6.3,14.5,"Desco"
3.3,6.5,11,"Desco"
3.3,12,16,"Pizza"
3.3,7.6,13.3,"Pizza"
3.3,8.4,8.9,"Pizza"
3.3,3.7,6.7,"Cubo"
3.3,4.1,8.2,"Cubo"
3.3,3.3,6.3,"Cubo"
3.3,10.6,15.3,"Pizza"
3.3,4.1,11.5,"Cubo"
3.3,11.5,11.5,"Pizza"
3.3,3.9,4.7,"Cubo"
3.3,6.7,6.9,"Desco"
3.3,6.3,11.7,"Desco"
3.3,6.8,8.2,"Desco"
3.3,3.7,8.2,"Cubo"
3.3,3.7,3.8,"Cubo"
3.3,4.2,4.4,"Cubo"
3.3,3.3,4.7,"Cubo"
3.3,3.5,7,"Cubo"
3.3,4.3,11.4,"Cubo"
3.3,3.3,8.7,"Cubo"
3.4,8.6,11.6,"Pizza"
3.4,11.3,14.5,"Pizza"
3.4,7.5,9,"Pizza"
3.4,4.9,14.1,"Cubo"
3.4,5.6,9.2,"Desco"
3.4,5,9.2,"Cubo"
3.4,3.4,3.9,"Cubo"
3.4,6.3,9.9,"Desco"
3.4,6.2,13.3,"Desco"
3.4,7.1,8.5,"Pizza"
3.4,5.9,11.2,"Desco"
3.4,5.5,10.9,"Desco"
3.4,5.5,10.9,"Desco"
3.4,5.5,11,"Desco"
3.4,5.7,10.9,"Desco"
3.4,6.3,7.2,"Desco"
3.4,5.7,17.1,"Desco"
3.4,4.2,9.7,"Cubo"
3.4,6.9,8.7,"Desco"
3.4,6.2,6.2,"Desco"
3.4,6.3,13.7,"Desco"
3.4,5.9,11.2,"Desco"
3.4,3.5,4.4,"Cubo"
3.4,5.5,10.9,"Desco"
3.4,5.5,10.9,"Desco"
3.4,5.5,11,"Desco"
3.4,3.5,4.4,"Cubo"
3.4,4.2,8,"Cubo"
3.4,8.1,10.4,"Pizza"
3.4,3.4,3.5,"Cubo"
3.4,4.3,6.7,"Cubo"
3.4,5.9,11.2,"Desco"
3.4,5.5,10.9,"Desco"
3.4,5.5,10.9,"Desco"
3.4,5.5,11,"Desco"
3.4,5.7,10.9,"Desco"
3.4,6.2,14.1,"Desco"
3.4,7,8.1,"Desco"
3.4,3.4,3.4,"Cubo"
3.4,7.4,10.6,"Pizza"
3.4,6,11.3,"Desco"
3.4,6.1,7.4,"Desco"
3.4,3.5,4.4,"Cubo"
3.4,5.9,11.2,"Desco"
3.4,3.4,3.4,"Cubo"
3.4,4.4,7,"Cubo"
3.4,6.3,11.3,"Desco"
3.4,5.5,11,"Desco"
3.4,6.3,11.3,"Desco"
3.4,3.5,4.6,"Cubo"
3.4,3.5,3.5,"Cubo"
3.4,5.7,11.2,"Desco"
3.4,6.9,11,"Desco"
3.4,5.7,10.9,"Desco"
3.4,5,8.9,"Cubo"
3.4,7.1,11.3,"Pizza"
3.4,9.4,11.9,"Pizza"
3.4,5.7,10.9,"Desco"
3.4,5,8.9,"Cubo"
3.4,7.1,11.3,"Pizza"
3.4,9.4,11.9,"Pizza"
3.4,3.5,3.5,"Cubo"
3.4,3.4,7.5,"Cubo"
3.4,9.2,10.9,"Pizza"
3.4,4.8,10.3,"Cubo"
3.4,9.7,11.5,"Pizza"
3.4,8.9,10.8,"Pizza"
3.4,3.4,8.6,"Cubo"
3.4,7,8.9,"Desco"
3.4,4.4,9.5,"Cubo"
3.5,9.2,9.8,"Pizza"
3.5,9.3,11.3,"Pizza"
3.5,3.6,12.5,"Cubo"
3.5,5.4,11.5,"Desco"
3.5,3.6,5.7,"Cubo"
3.5,6,8.7,"Desco"
3.5,6.1,9.8,"Desco"
3.5,8.5,11.3,"Pizza"
3.5,3.6,5.9,"Cubo"
3.5,3.6,5.9,"Cubo"
3.5,4.7,5.9,"Cubo"
3.5,5.4,11.5,"Desco"
3.5,6,8.7,"Desco"
3.5,5.4,13.2,"Desco"
3.5,3.6,5,"Cubo"
3.5,9.4,10,"Pizza"
3.5,6.1,9.6,"Desco"
3.5,3.6,8.8,"Cubo"
3.5,4.5,13.7,"Cubo"
3.5,4.5,13.7,"Cubo"
3.5,3.6,8.8,"Cubo"
3.5,3.9,3.9,"Cubo"
3.5,7.1,8.3,"Desco"
3.5,3.6,8.3,"Cubo"
3.5,5.2,8.3,"Cubo"
3.5,14.9,16.5,"Pizza"
3.5,3.5,4.5,"Cubo"
3.5,6.5,9.5,"Desco"
3.5,3.5,3.5,"Cubo"
3.5,5.4,5.6,"Desco"
3.5,5.6,10.9,"Desco"
3.5,5.5,10.8,"Desco"
3.5,3.5,3.5,"Cubo"
3.5,4.8,6.9,"Cubo"
3.5,3.5,3.5,"Cubo"
3.5,5.1,5.9,"Cubo"
3.5,8.5,12.5,"Pizza"
3.5,3.5,4.9,"Cubo"
3.5,9.3,12.7,"Pizza"
3.5,5.5,16.6,"Desco"
3.5,3.6,5.7,"Cubo"
3.5,6,8.7,"Desco"
3.5,6.3,9.1,"Desco"
3.5,6.1,10.1,"Desco"
3.5,3.6,5.6,"Cubo"
3.5,6.7,13.6,"Desco"
3.5,6.9,11.6,"Desco"
3.5,6.8,11.1,"Desco"
3.5,3.7,11.1,"Cubo"
3.5,3.6,5.7,"Cubo"
3.5,6,8.7,"Desco"
3.5,6.3,9.1,"Desco"
3.5,6.1,10.1,"Desco"
3.5,3.6,5.6,"Cubo"
3.5,6.7,13.6,"Desco"
3.5,6.9,11.6,"Desco"
3.5,6.8,11.1,"Desco"
3.5,3.7,11.1,"Cubo"
3.5,5.5,7.2,"Desco"
3.5,8.2,13.9,"Pizza"
3.5,6.2,9.1,"Desco"
3.5,8.2,13.9,"Pizza"
3.5,6.2,9.1,"Desco"
3.5,7.9,8.3,"Pizza"
3.5,8.9,8.9,"Pizza"
3.5,4.2,8.1,"Cubo"
3.5,7.1,10.1,"Desco"
3.5,6.7,11.8,"Desco"
3.5,9.5,13.2,"Pizza"
3.5,7.1,11,"Desco"
3.5,7.1,11,"Desco"
3.5,7.1,11,"Desco"
3.5,3.8,5.4,"Cubo"
3.5,9.1,15,"Pizza"
3.5,7.9,10.2,"Pizza"
3.5,4.1,5,"Cubo"
3.5,5.9,11.3,"Desco"
3.5,3.5,14.3,"Cubo"
3.5,4.8,13.9,"Cubo"
3.5,3.5,10.7,"Cubo"
3.6,3.7,10.6,"Cubo"
3.6,7.8,11.5,"Pizza"
3.6,8.4,12.9,"Pizza"
3.6,6.6,14.6,"Desco"
3.6,6.6,14.6,"Desco"
3.6,6.6,14.6,"Desco"
3.6,3.6,5.6,"Cubo"
3.6,10.1,12.2,"Pizza"
3.6,11.5,14.6,"Pizza"
3.6,5.4,9.1,"Cubo"
3.6,5.5,10.8,"Desco"
3.6,3.6,3.6,"Cubo"
3.6,3.7,3.7,"Cubo"
3.6,4.2,5.4,"Cubo"
3.6,5,5.3,"Cubo"
3.6,5.5,10.8,"Desco"
3.6,3.7,3.7,"Cubo"
3.6,7.5,7.8,"Pizza"
3.6,5.8,8.7,"Desco"
3.6,4.3,4.4,"Cubo"
3.6,12.8,13.4,"Pizza"
3.6,7,9.4,"Desco"
3.6,3.7,12.1,"Cubo"
3.6,4.4,5.2,"Cubo"
3.6,5.7,13.7,"Desco"
3.6,3.7,12.9,"Cubo"
3.6,6.4,11.9,"Desco"
3.6,4.9,9.8,"Cubo"
3.6,7.2,9.6,"Desco"
3.6,6.4,11.9,"Desco"
3.6,4.9,9.8,"Cubo"
3.6,7.2,9.6,"Desco"
3.6,7.8,11.5,"Pizza"
3.6,9.1,11.9,"Pizza"
3.6,8.6,10.8,"Pizza"
3.6,9.3,16.5,"Pizza"
3.6,7.8,11.5,"Pizza"
3.6,6.7,12,"Desco"
3.6,5.5,6,"Desco"
3.6,7.6,11.3,"Pizza"
3.6,3.8,5.4,"Cubo"
3.6,3.8,5.4,"Cubo"
3.6,8.9,10.7,"Pizza"
3.6,3.6,3.9,"Cubo"
3.6,9,9.6,"Pizza"
3.6,3.7,4.7,"Cubo"
3.6,9.2,10,"Pizza"
3.6,4.3,11,"Cubo"
3.6,3.8,10,"Cubo"
3.6,4,10.8,"Cubo"
3.7,3.7,12.2,"Cubo"
3.7,3.9,10.2,"Cubo"
3.7,3.8,12.4,"Cubo"
3.7,3.9,12.2,"Cubo"
3.7,3.7,5.3,"Cubo"
3.7,4.3,5.8,"Cubo"
3.7,4.3,5.8,"Cubo"
3.7,3.9,9.4,"Cubo"
3.7,3.7,9.4,"Cubo"
3.7,4.3,5.8,"Cubo"
3.7,3.9,9.4,"Cubo"
3.7,3.7,9.4,"Cubo"
3.7,8.3,10.5,"Pizza"
3.7,6,14.4,"Desco"
3.7,6.6,7.7,"Desco"
3.7,8.5,10.1,"Pizza"
3.7,7,8.6,"Desco"
3.7,8.5,10.1,"Pizza"
3.7,9.8,12.4,"Pizza"
3.7,7.3,9.8,"Desco"
3.7,4.7,8.3,"Cubo"
3.7,6.2,9.3,"Desco"
3.7,6.2,9.3,"Desco"
3.7,3.8,9,"Cubo"
3.7,3.8,9.1,"Cubo"
3.7,4.5,5,"Cubo"
3.7,9.5,9.8,"Pizza"
3.7,3.8,9.8,"Cubo"
3.7,5.9,11.5,"Desco"
3.7,5.7,8.3,"Desco"
3.7,7.4,11.3,"Desco"
3.7,3.7,7.8,"Cubo"
3.7,8.3,11.7,"Pizza"
3.7,9.4,17.8,"Pizza"
3.7,3.7,4.7,"Cubo"
3.7,3.7,5.7,"Cubo"
3.7,7.4,10.9,"Desco"
3.7,7.4,10.9,"Desco"
3.7,6.1,14.4,"Desco"
3.7,7.4,10.6,"Desco"
3.7,7.2,10,"Desco"
3.7,8.2,14.3,"Pizza"
3.7,6.2,12.8,"Desco"
3.7,6.1,14.5,"Desco"
3.7,9.1,13,"Pizza"
3.7,6.1,14.4,"Desco"
3.7,7.4,10.6,"Desco"
3.7,7.2,10,"Desco"
3.7,8.2,14.3,"Pizza"
3.7,6.2,12.8,"Desco"
3.7,6.1,14.5,"Desco"
3.7,9.1,13,"Pizza"
3.7,8.9,12.4,"Pizza"
3.7,4.1,4.1,"Cubo"
3.7,3.7,5.5,"Cubo"
3.7,7.7,11.1,"Pizza"
3.7,6.7,10.1,"Desco"
3.7,4.3,6.8,"Cubo"
3.7,3.8,6.5,"Cubo"
3.7,3.7,6.4,"Cubo"
3.7,12.9,13.4,"Pizza"
3.7,5.3,10.4,"Cubo"
3.8,6.2,11.3,"Desco"
3.8,8,11.5,"Pizza"
3.8,8,11.5,"Pizza"
3.8,8,11.5,"Pizza"
3.8,8.2,10.2,"Pizza"
3.8,7.2,8,"Desco"
3.8,8.7,13.4,"Pizza"
3.8,4.9,9.4,"Cubo"
3.8,5.7,6.1,"Cubo"
3.8,6.3,7.8,"Desco"
3.8,3.9,8.4,"Cubo"
3.8,9.4,11.1,"Pizza"
3.8,3.9,8.4,"Cubo"
3.8,9.4,11.1,"Pizza"
3.8,4.1,5.9,"Cubo"
3.8,4.1,5.9,"Cubo"
3.8,7.8,14.7,"Desco"
3.8,3.9,7,"Cubo"
3.8,6.2,11.3,"Desco"
3.8,4.4,4.4,"Cubo"
3.8,6.2,11.3,"Desco"
3.8,4.9,9.4,"Cubo"
3.8,4.4,5.2,"Cubo"
3.8,4.4,4.4,"Cubo"
3.8,4.5,6,"Cubo"
3.8,6.3,11.5,"Desco"
3.8,6.3,11.3,"Desco"
3.8,6.2,11.3,"Desco"
3.8,6.5,11.4,"Desco"
3.8,6.4,11.4,"Desco"
3.8,6.5,11.4,"Desco"
3.8,7.4,11.4,"Desco"
3.8,11.3,13,"Pizza"
3.8,4.4,5.2,"Cubo"
3.8,4,5.3,"Cubo"
3.8,5.4,13.4,"Cubo"
3.8,5.4,13.4,"Cubo"
3.8,5.7,11.8,"Cubo"
3.8,6.2,10.1,"Desco"
3.8,5.7,11.8,"Cubo"
3.8,6.2,10.1,"Desco"
3.8,3.9,9,"Cubo"
3.8,8.4,12.7,"Pizza"
3.8,4,5.8,"Cubo"
3.8,3.9,6.5,"Cubo"
3.8,3.9,6.5,"Cubo"
3.8,4.5,5.8,"Cubo"
3.9,6.4,10.8,"Desco"
3.9,5.6,5.9,"Cubo"
3.9,9.9,11.8,"Pizza"
3.9,6.4,10.8,"Desco"
3.9,5.6,5.9,"Cubo"
3.9,5.7,5.7,"Cubo"
3.9,7.7,15.1,"Desco"
3.9,6.9,11.2,"Desco"
3.9,3.9,8.6,"Cubo"
3.9,3.9,8.6,"Cubo"
3.9,8.3,10.8,"Pizza"
3.9,8.3,10.8,"Pizza"
3.9,3.9,8.6,"Cubo"
3.9,7.7,15.1,"Desco"
3.9,3.9,7.4,"Cubo"
3.9,3.9,7.1,"Cubo"
3.9,3.9,5.4,"Cubo"
3.9,5.2,10,"Cubo"
3.9,5.2,11.2,"Cubo"
3.9,8,8.4,"Desco"
3.9,8,8.4,"Desco"
3.9,5.2,11.2,"Cubo"
3.9,4.1,10.3,"Cubo"
3.9,6.5,8.6,"Desco"
3.9,8.8,11.2,"Pizza"
3.9,6.3,7.9,"Desco"
3.9,5.6,5.9,"Cubo"
3.9,5.7,5.7,"Cubo"
3.9,6.5,11.3,"Desco"
3.9,6.7,7.8,"Desco"
3.9,7.8,12.1,"Desco"
3.9,3.9,5.4,"Cubo"
3.9,7.8,12.1,"Desco"
3.9,3.9,5.4,"Cubo"
3.9,6.2,11.2,"Desco"
3.9,4.3,6.2,"Cubo"
3.9,3.9,5.4,"Cubo"
3.9,8.1,10.9,"Pizza"
3.9,4.4,4.4,"Cubo"
3.9,6.2,11.2,"Desco"
3.9,3.9,6.1,"Cubo"
3.9,6.3,11.4,"Desco"
3.9,6.4,11.3,"Desco"
3.9,6.2,11.4,"Desco"
3.9,4.4,4.4,"Cubo"
3.9,7.2,10.2,"Desco"
3.9,6.4,10.8,"Desco"
3.9,7.7,15.1,"Desco"
3.9,6.9,11.2,"Desco"
3.9,6.5,9.3,"Desco"
3.9,5.8,14.5,"Cubo"
3.9,5.9,8.8,"Desco"
3.9,6.8,12.2,"Desco"
3.9,8,12.5,"Desco"
3.9,8.7,12.8,"Pizza"
3.9,9.8,15.1,"Pizza"
3.9,7,13.3,"Desco"
3.9,6.1,10.2,"Desco"
3.9,6.4,10.8,"Desco"
3.9,7.7,15.1,"Desco"
3.9,6.9,11.2,"Desco"
3.9,6.5,9.3,"Desco"
3.9,5.8,14.5,"Cubo"
3.9,5.9,8.8,"Desco"
3.9,6.8,12.2,"Desco"
3.9,8,12.5,"Desco"
3.9,8.7,12.8,"Pizza"
3.9,9.8,15.1,"Pizza"
3.9,7,13.3,"Desco"
3.9,6.1,10.2,"Desco"
3.9,5.5,14.2,"Cubo"
3.9,5.5,14.2,"Cubo"
3.9,5.5,14.2,"Cubo"
3.9,5.5,14.2,"Cubo"
3.9,11,13.8,"Pizza"
3.9,11.6,17.2,"Pizza"
3.9,8.7,9.2,"Pizza"
3.9,8.8,12,"Pizza"
3.9,9.8,13,"Pizza"
3.9,10.2,10.2,"Pizza"
3.9,9.8,10.2,"Pizza"
3.9,9.4,9.5,"Pizza"
3.9,9.8,13,"Pizza"
3.9,3.9,70.9,"Cubo"
3.9,9.1,15,"Pizza"
3.9,3.9,3.9,"Cubo"
3.9,3.9,70.9,"Cubo"
3.9,7.9,11,"Desco"
3.9,12,13.9,"Pizza"
3.9,10.1,13.6,"Pizza"
3.9,4,4.6,"Cubo"
3.9,5,7.2,"Cubo"
3.9,4.1,8.1,"Cubo"
3.9,4.9,14.5,"Cubo"
3.9,4,10.1,"Cubo"
4,4.1,5.9,"Cubo"
4,6.2,6.3,"Desco"
4,8.3,10.8,"Pizza"
4,4,9.4,"Cubo"
4,4.1,9.4,"Cubo"
4,4,9.4,"Cubo"
4,4.1,9.4,"Cubo"
4,5.8,13.5,"Cubo"
4,7.6,8.6,"Desco"
4,6.2,9.1,"Desco"
4,5.1,6.8,"Cubo"
4,7.7,11.7,"Desco"
4,11,12.9,"Pizza"
4,5.7,7.1,"Cubo"
4,4.1,5.9,"Cubo"
4,4.3,4.5,"Cubo"
4,4.3,4.5,"Cubo"
4,8,12,"Desco"
4,4.2,6.1,"Cubo"
4,4.2,6.1,"Cubo"
4,8,12,"Desco"
4,4.1,5.9,"Cubo"
4,4.1,5.9,"Cubo"
4,4.1,4.7,"Cubo"
4,4.1,4.8,"Cubo"
4,4.1,7.2,"Cubo"
4,6.3,13.2,"Desco"
4,5.9,11.1,"Cubo"
4,6.3,9.1,"Desco"
4,10.6,12.3,"Pizza"
4,9.2,12.8,"Pizza"
4,6.1,13.5,"Desco"
4,5.9,11.1,"Cubo"
4,6.3,9.1,"Desco"
4,10.6,12.3,"Pizza"
4,9.2,12.8,"Pizza"
4,6.1,13.5,"Desco"
4,9.1,12.7,"Pizza"
4,8.7,10.1,"Pizza"
4,8,11.8,"Desco"
4,7.6,8,"Desco"
4,4.9,12.7,"Cubo"
4,6.5,9.8,"Desco"
4,4,11.1,"Cubo"
4,4,11.1,"Cubo"
4,7.6,8,"Desco"
4,4.9,12.7,"Cubo"
4,5,6.6,"Cubo"
4,5.3,6,"Cubo"
4,4.1,7.4,"Cubo"
4.1,8.1,9.7,"Desco"
4.1,7.7,10.1,"Desco"
4.1,7,9.6,"Desco"
4.1,7,9.6,"Desco"
4.1,8.2,10.9,"Desco"
4.1,8.2,10.9,"Desco"
4.1,7.5,15.2,"Desco"
4.1,7.5,14.4,"Desco"
4.1,5.4,12.3,"Cubo"
4.1,4.1,4.3,"Cubo"
4.1,9.8,12.8,"Pizza"
4.1,6.9,8.8,"Desco"
4.1,4.1,4.7,"Cubo"
4.1,4.8,10.4,"Cubo"
4.1,6.3,11.3,"Desco"
4.1,4.1,4.7,"Cubo"
4.1,4.1,9.7,"Cubo"
4.1,6.1,13.3,"Cubo"
4.1,4.3,6.2,"Cubo"
4.1,6.2,9.4,"Desco"
4.1,6.3,9.7,"Desco"
4.1,6.2,9.3,"Desco"
4.1,10.7,12.7,"Pizza"
4.1,7.7,15.2,"Desco"
4.1,5.7,12.1,"Cubo"
4.1,10.7,12.7,"Pizza"
4.1,7.7,15.2,"Desco"
4.1,5.7,12.1,"Cubo"
4.1,9.5,10.8,"Pizza"
4.1,9.5,10.8,"Pizza"
4.1,8.5,12.9,"Pizza"
4.1,9.1,10.2,"Pizza"
4.1,4.1,4.9,"Cubo"
4.1,4.1,5.5,"Cubo"
4.1,8.5,12.4,"Pizza"
4.1,4.3,13.3,"Cubo"
4.1,7.6,15.6,"Desco"
4.1,4.1,5.5,"Cubo"
4.1,4.3,13.3,"Cubo"
4.1,5.1,13.9,"Cubo"
4.2,8.2,9.8,"Desco"
4.2,4.7,6.6,"Cubo"
4.2,6.7,11.6,"Desco"
4.2,8.8,11.4,"Pizza"
4.2,4.4,8.6,"Cubo"
4.2,10.5,10.5,"Pizza"
4.2,4.3,5.6,"Cubo"
4.2,4.2,5.3,"Cubo"
4.2,5.9,11.9,"Cubo"
4.2,4.2,5.3,"Cubo"
4.2,5.9,11.9,"Cubo"
4.2,4.2,11.8,"Cubo"
4.2,8.8,12,"Pizza"
4.2,6.8,7.8,"Desco"
4.2,5.9,15.4,"Cubo"
4.2,9.3,15,"Pizza"
4.2,9.3,15,"Pizza"
4.2,4.5,6.6,"Cubo"
4.2,5.7,10.9,"Cubo"
4.2,5.7,10.8,"Cubo"
4.2,4.3,13.4,"Cubo"
4.2,7.4,7.7,"Desco"
4.2,6.5,10.8,"Desco"
4.2,12.8,15.4,"Pizza"
4.2,7.8,10.8,"Desco"
4.2,8.8,9,"Pizza"
4.2,4.6,12,"Cubo"
4.2,4.3,13.4,"Cubo"
4.2,5.5,6.4,"Cubo"
4.3,5.4,12.7,"Cubo"
4.3,7.9,15.3,"Desco"
4.3,6.1,7.6,"Cubo"
4.3,7.9,15.3,"Desco"
4.3,5.3,8.4,"Cubo"
4.3,7.6,8.7,"Desco"
4.3,11.2,13.8,"Pizza"
4.3,4.5,6.1,"Cubo"
4.3,5.4,6.5,"Cubo"
4.3,10,15.6,"Pizza"
4.3,5.4,6.5,"Cubo"
4.3,10,15.6,"Pizza"
4.3,7.1,14.6,"Desco"
4.3,6.5,9.4,"Desco"
4.3,7,8.9,"Desco"
4.3,4.3,4.4,"Cubo"
4.3,4.4,5.6,"Cubo"
4.3,5.5,11,"Cubo"
4.3,4.3,4.4,"Cubo"
4.3,7.9,15.6,"Desco"
4.3,4.3,4.3,"Cubo"
4.3,6.3,13,"Cubo"
4.3,7.7,10.8,"Desco"
4.3,9.8,12.6,"Pizza"
4.3,4.3,4.3,"Cubo"
4.3,6.1,7.6,"Cubo"
4.3,10.5,13.5,"Pizza"
4.3,10.5,13.5,"Pizza"
4.3,5.5,8.7,"Cubo"
4.3,9.4,9.8,"Pizza"
4.3,9.8,11.9,"Pizza"
4.3,9.4,9.8,"Pizza"
4.3,11,11.4,"Pizza"
4.3,5.4,6.1,"Cubo"
4.3,6.1,9.6,"Cubo"
4.3,7.9,11.7,"Desco"
4.3,6.7,10,"Desco"
4.4,4.4,13.1,"Cubo"
4.4,7.8,9.4,"Desco"
4.4,7.9,15.4,"Desco"
4.4,10,10.8,"Pizza"
4.4,10,10.6,"Pizza"
4.4,10.1,10.7,"Pizza"
4.4,5.6,12.9,"Cubo"
4.4,5.6,12.9,"Cubo"
4.4,5.4,6.6,"Cubo"
4.4,5.3,6.8,"Cubo"
4.4,5.6,12.9,"Cubo"
4.4,5.4,6.6,"Cubo"
4.4,5.3,6.8,"Cubo"
4.4,5.4,6.6,"Cubo"
4.4,6.4,10,"Cubo"
4.4,6.8,15.9,"Desco"
4.4,5.8,9,"Cubo"
4.4,5.4,13,"Cubo"
4.4,8.1,8.8,"Desco"
4.4,7.4,8.6,"Desco"
4.4,5.4,7.1,"Cubo"
4.4,7.1,10.6,"Desco"
4.4,6.6,9.2,"Cubo"
4.4,7.1,10.6,"Desco"
4.4,6.6,9.2,"Cubo"
4.4,6.6,9.1,"Cubo"
4.4,8.8,12.4,"Desco"
4.4,6.1,9.4,"Cubo"
4.4,6.1,9.5,"Cubo"
4.4,6.1,9.4,"Cubo"
4.4,5.2,14.9,"Cubo"
4.4,5.7,15.9,"Cubo"
4.4,5,7.6,"Cubo"
4.4,11.3,11.6,"Pizza"
4.4,5.6,16.5,"Cubo"
4.4,5.7,16.5,"Cubo"
4.4,5.6,16.5,"Cubo"
4.4,4.6,14.3,"Cubo"
4.4,5.3,10.1,"Cubo"
4.4,6.7,12.1,"Desco"
4.4,4.4,15.1,"Cubo"
4.4,4.5,15.1,"Cubo"
4.4,7.9,15.4,"Desco"
4.4,7.9,15.4,"Desco"
4.4,4.5,7.5,"Cubo"
4.4,6.5,9.1,"Cubo"
4.4,6.3,11.1,"Cubo"
4.4,7.3,9.9,"Desco"
4.4,10.4,11.8,"Pizza"
4.4,9.1,12.4,"Pizza"
4.4,4.7,8.6,"Cubo"
4.5,12.4,13.2,"Pizza"
4.5,12.4,13.2,"Pizza"
4.5,12.4,13.2,"Pizza"
4.5,6.9,15.6,"Desco"
4.5,7.6,15.6,"Desco"
4.5,6.3,9.1,"Cubo"
4.5,6.1,6.2,"Cubo"
4.5,9.1,12.1,"Desco"
4.5,5.8,9.5,"Cubo"
4.5,9.1,12.1,"Desco"
4.5,5.3,7.4,"Cubo"
4.5,5.8,9.5,"Cubo"
4.5,4.6,7.7,"Cubo"
4.5,6.5,9.4,"Cubo"
4.5,6.5,9.4,"Cubo"
4.5,4.7,14.3,"Cubo"
4.5,6.9,8.7,"Desco"
4.5,6.1,6.2,"Cubo"
4.5,6.9,8.7,"Desco"
4.5,5.6,16.4,"Cubo"
4.5,4.6,7.8,"Cubo"
4.5,4.7,7.1,"Cubo"
4.5,6.2,11.5,"Cubo"
4.5,8.9,12.2,"Desco"
4.5,5.7,9.2,"Cubo"
4.5,8.9,12.2,"Desco"
4.5,6.3,9.2,"Cubo"
4.5,6.3,9.2,"Cubo"
4.5,5.6,13.9,"Cubo"
4.5,6,8.9,"Cubo"
4.5,5.3,5.5,"Cubo"
4.5,4.7,4.9,"Cubo"
4.5,4.5,6.5,"Cubo"
4.5,4.6,6.4,"Cubo"
4.5,5.7,14.5,"Cubo"
4.5,7.7,11.6,"Desco"
4.5,9.2,12.2,"Desco"
4.5,7.3,11.6,"Desco"
4.5,4.7,8.6,"Cubo"
4.5,9.3,12.2,"Pizza"
4.6,4.7,14.8,"Cubo"
4.6,10.5,17.4,"Pizza"
4.6,10.5,17.4,"Pizza"
4.6,4.6,14.8,"Cubo"
4.6,6.2,6.3,"Cubo"
4.6,13,16.5,"Pizza"
4.6,10.5,16.1,"Pizza"
4.6,10.6,16.1,"Pizza"
4.6,11.4,13.1,"Pizza"
4.6,11.4,13.1,"Pizza"
4.6,11.4,13.1,"Pizza"
4.6,6.8,15.6,"Cubo"
4.6,8.4,13.3,"Desco"
4.6,11.1,15.1,"Pizza"
4.6,4.7,7.7,"Cubo"
4.6,10.5,15.7,"Pizza"
4.6,8,11,"Desco"
4.6,8,11,"Desco"
4.6,8,11,"Desco"
4.6,4.7,7.7,"Cubo"
4.6,10.5,15.7,"Pizza"
4.6,4.7,7.7,"Cubo"
4.6,9.2,12,"Desco"
4.6,6.5,7.2,"Cubo"
4.6,4.6,7.6,"Cubo"
4.6,6.8,10.9,"Cubo"
4.6,6.8,10.5,"Cubo"
4.6,6.2,6.2,"Cubo"
4.6,5.6,16.3,"Cubo"
4.6,10.3,14.7,"Pizza"
4.6,4.6,14.3,"Cubo"
4.6,7.8,13.3,"Desco"
4.6,9.5,14.5,"Pizza"
4.6,13,16.5,"Pizza"
4.6,10.6,16.1,"Pizza"
4.6,6.1,13.1,"Cubo"
4.6,6.1,13.1,"Cubo"
4.6,5.7,8.9,"Cubo"
4.6,5.1,5.1,"Cubo"
4.6,4.7,8.5,"Cubo"
4.6,4.6,9.9,"Cubo"
4.6,7.5,13.1,"Desco"
4.7,8,16.1,"Desco"
4.7,6.5,7,"Cubo"
4.7,4.7,5.9,"Cubo"
4.7,8,16.1,"Desco"
4.7,4.7,4.9,"Cubo"
4.7,13.1,14,"Pizza"
4.7,9.3,10,"Desco"
4.7,5.9,7.1,"Cubo"
4.7,7.3,13.1,"Desco"
4.7,6.4,6.5,"Cubo"
4.7,4.7,11,"Cubo"
4.7,4.7,11,"Cubo"
4.7,7.3,13.1,"Desco"
4.7,6.4,6.5,"Cubo"
4.7,4.7,4.9,"Cubo"
4.7,8.6,10.1,"Desco"
4.7,4.7,14.6,"Cubo"
4.7,6.7,6.7,"Cubo"
4.7,9.2,12.1,"Desco"
4.7,6.2,15.4,"Cubo"
4.7,10.6,16.5,"Pizza"
4.7,7.6,15.3,"Desco"
4.7,5.9,9.1,"Cubo"
4.7,8.4,10.2,"Desco"
4.7,10.6,16.5,"Pizza"
4.7,7.6,15.3,"Desco"
4.7,5.9,9.1,"Cubo"
4.7,8.4,10.2,"Desco"
4.7,6.1,11.8,"Cubo"
4.7,5.5,14.3,"Cubo"
4.7,5.1,15,"Cubo"
4.7,5.5,14.4,"Cubo"
4.7,5.2,15.4,"Cubo"
4.7,10.1,17.2,"Pizza"
4.7,6.7,6.7,"Cubo"
4.7,9.2,12.1,"Desco"
4.7,13.1,14,"Pizza"
4.7,16.1,18.1,"Pizza"
4.7,4.7,5.9,"Cubo"
4.7,4.7,6.7,"Cubo"
4.7,9.8,10.2,"Pizza"
4.7,9.1,15,"Desco"
4.7,9.8,13,"Pizza"
4.7,6.1,6.5,"Cubo"
4.8,10.4,15.9,"Pizza"
4.8,6.8,8,"Cubo"
4.8,10.4,15.9,"Pizza"
4.8,4.8,4.9,"Cubo"
4.8,6.2,7.2,"Cubo"
4.8,9.3,12.3,"Desco"
4.8,9.3,12.3,"Desco"
4.8,9.8,14.2,"Desco"
4.8,9.4,11.9,"Desco"
4.8,10.6,16.1,"Pizza"
4.8,5.3,7.7,"Cubo"
4.8,10.6,16.1,"Pizza"
4.8,9.4,11.9,"Desco"
4.8,8,11.6,"Desco"
4.8,6,7.3,"Cubo"
4.8,11,16,"Pizza"
4.8,4.8,4.9,"Cubo"
4.8,5.2,15.5,"Cubo"
4.8,4.8,5,"Cubo"
4.8,9,10.4,"Desco"
4.8,5.3,10,"Cubo"
4.8,9,10.4,"Desco"
4.8,7.8,10.4,"Desco"
4.8,4.8,9.4,"Cubo"
4.8,7.3,8.3,"Desco"
4.8,7.8,10.4,"Desco"
4.8,13.9,16.2,"Pizza"
4.8,5.3,9.4,"Cubo"
4.8,4.9,6.7,"Cubo"
4.8,7.6,12.2,"Desco"
4.8,9.2,12.1,"Desco"
4.8,6.1,6.4,"Cubo"
4.8,4.8,8.5,"Cubo"
4.8,5.4,11.4,"Cubo"
4.9,5,14.5,"Cubo"
4.9,5,14.5,"Cubo"
4.9,5,14.5,"Cubo"
4.9,5.1,5.3,"Cubo"
4.9,7.9,11.1,"Desco"
4.9,6.1,7.6,"Cubo"
4.9,8.5,14,"Desco"
4.9,8.5,14,"Desco"
4.9,8.5,14,"Desco"
4.9,5.4,9.4,"Cubo"
4.9,10.4,16.8,"Pizza"
4.9,10.4,16.8,"Pizza"
4.9,8.3,11.4,"Desco"
4.9,5.7,7.5,"Cubo"
4.9,5,14.5,"Cubo"
4.9,5,14.5,"Cubo"
4.9,5,14.4,"Cubo"
4.9,10,14.5,"Desco"
4.9,5,5.4,"Cubo"
4.9,5.4,15.8,"Cubo"
4.9,5.8,8.7,"Cubo"
4.9,7.9,9.3,"Desco"
4.9,10.4,16.8,"Pizza"
4.9,7.3,8.3,"Cubo"
4.9,7.9,9.3,"Desco"
4.9,5.7,9.8,"Cubo"
4.9,5.7,9.8,"Cubo"
4.9,7.3,14.2,"Cubo"
4.9,4.9,7.2,"Cubo"
4.9,5.9,8.9,"Cubo"
5,8,11.1,"Desco"
5,7.9,11.5,"Desco"
5,5,14.4,"Cubo"
5,8,11.1,"Desco"
5,5,14.4,"Cubo"
5,5,14.5,"Cubo"
5,9.3,9.3,"Desco"
5,8,10.8,"Desco"
5,7,8.6,"Cubo"
5,8.9,9.9,"Desco"
5,7,8.6,"Cubo"
5,8.9,9.9,"Desco"
5,11.3,15.9,"Pizza"
5,7,11.1,"Cubo"
5,7,7.6,"Cubo"
5,7.8,8.9,"Desco"
5,7.8,8.9,"Desco"
5,7,7.7,"Cubo"
5,8.1,11.4,"Desco"
5,6.8,12.3,"Cubo"
5,6.8,12.3,"Cubo"
5,5.7,13.8,"Cubo"
5,8.1,11.4,"Desco"
5,8,11.5,"Desco"
5,5,14.4,"Cubo"
5,5,14.5,"Cubo"
5,5.1,14.6,"Cubo"
5,5,14.4,"Cubo"
5,11.5,14.5,"Pizza"
5,5,14.5,"Cubo"
5,12.2,17.7,"Pizza"
5,5,14.5,"Cubo"
5,5,14.5,"Cubo"
5,5,14.5,"Cubo"
5,5,14.5,"Cubo"
5,6.1,15.5,"Cubo"
5,8,11.1,"Desco"
5,8,11.1,"Desco"
5,5.7,8.7,"Cubo"
5,9.3,9.3,"Desco"
5,9.2,14.4,"Desco"
5,7.9,11.5,"Desco"
5,7.9,11.5,"Desco"
5,6.2,14.3,"Cubo"
5,6.2,14.3,"Cubo"
5,9,10.7,"Desco"
5,5.5,9.9,"Cubo"
5,7.2,11.2,"Cubo"
5,6.6,13.3,"Cubo"
5.1,10.6,34.6,"Pizza"
5.1,5.1,14.6,"Cubo"
5.1,8.3,12.8,"Desco"
5.1,12.4,17.2,"Pizza"
5.1,8.3,12.8,"Desco"
5.1,9.8,13.4,"Desco"
5.1,5.2,8.4,"Cubo"
5.1,5.2,8.4,"Cubo"
5.1,6.9,14.1,"Cubo"
5.1,6.4,10.1,"Cubo"
5.1,5.1,14.6,"Cubo"
5.1,7,9.1,"Cubo"
5.1,5.8,7.5,"Cubo"
5.1,8,10.5,"Desco"
5.1,6.1,6.2,"Cubo"
5.1,7.9,9.1,"Desco"
5.1,6.1,6.2,"Cubo"
5.1,7.9,9.1,"Desco"
5.1,7.2,8,"Cubo"
5.1,7.6,7.8,"Cubo"
5.1,7.6,8,"Cubo"
5.1,11.8,15.7,"Pizza"
5.1,9.4,9.4,"Desco"
5.1,9.1,13,"Desco"
5.1,6.6,7.5,"Cubo"
5.1,7.2,11,"Cubo"
5.1,7.1,11,"Cubo"
5.2,6.3,19.7,"Cubo"
5.2,5.7,16.1,"Cubo"
5.2,5.3,5.4,"Cubo"
5.2,5.6,10.2,"Cubo"
5.2,8.1,8.1,"Desco"
5.2,8,16.6,"Desco"
5.2,8.1,8.1,"Desco"
5.2,8,16.6,"Desco"
5.2,6.9,11.7,"Cubo"
5.2,6.5,10.3,"Cubo"
5.2,6.5,10.3,"Cubo"
5.2,12.9,16.7,"Pizza"
5.2,5.7,16.1,"Cubo"
5.2,5.6,10.2,"Cubo"
5.2,5.6,10.2,"Cubo"
5.2,5.2,6.3,"Cubo"
5.2,7.9,9.9,"Desco"
5.2,7.6,7.8,"Cubo"
5.2,8.1,11.3,"Desco"
5.2,5.7,7.7,"Cubo"
5.2,7.1,11.6,"Cubo"
5.2,5.6,11,"Cubo"
5.2,9.3,11.8,"Desco"
5.2,5.3,8.4,"Cubo"
5.3,5.7,7.8,"Cubo"
5.3,6.4,14.3,"Cubo"
5.3,6.7,13.5,"Cubo"
5.3,6.4,8.8,"Cubo"
5.3,5.3,7.2,"Cubo"
5.3,6.3,8.5,"Cubo"
5.3,6.4,8.8,"Cubo"
5.3,5.3,7.2,"Cubo"
5.3,6.3,8.5,"Cubo"
5.3,6.4,8.8,"Cubo"
5.3,5.3,7.2,"Cubo"
5.3,6.3,8.5,"Cubo"
5.3,6.3,8.5,"Cubo"
5.3,12.3,15.3,"Pizza"
5.3,10.2,12.3,"Desco"
5.3,5.6,9.3,"Cubo"
5.3,5.7,9.3,"Cubo"
5.3,6.4,14.3,"Cubo"
5.3,6.3,11.2,"Cubo"
5.3,6.4,14.3,"Cubo"
5.3,6.3,11.2,"Cubo"
5.3,5.9,7.4,"Cubo"
5.3,13.3,15.7,"Pizza"
5.3,5.3,9.3,"Cubo"
5.3,5.3,9.3,"Cubo"
5.3,6.8,11.6,"Cubo"
5.3,9.3,12.2,"Desco"
5.3,6.8,11.6,"Cubo"
5.3,9.3,12.2,"Desco"
5.3,5.6,9.3,"Cubo"
5.3,5.7,9.3,"Cubo"
5.3,12.2,12.6,"Pizza"
5.3,6.4,9.4,"Cubo"
5.3,6.4,9.4,"Cubo"
5.3,5.8,7.1,"Cubo"
5.3,6.7,14.3,"Cubo"
5.3,5.5,14.6,"Cubo"
5.3,8.5,12.8,"Desco"
5.4,9.1,13.5,"Desco"
5.4,10.5,15.8,"Desco"
5.4,6.5,8.8,"Cubo"
5.4,6.5,9,"Cubo"
5.4,6.5,8.9,"Cubo"
5.4,6.5,8.8,"Cubo"
5.4,8.8,10.8,"Desco"
5.4,8.1,15.7,"Cubo"
5.4,5.7,9.1,"Cubo"
5.4,9.9,13,"Desco"
5.4,6.3,9.3,"Cubo"
5.4,8.7,13.6,"Desco"
5.4,9.9,13,"Desco"
5.4,6.3,9.3,"Cubo"
5.4,8.7,13.6,"Desco"
5.4,5.8,18.1,"Cubo"
5.4,6.5,8.8,"Cubo"
5.4,9.1,13.5,"Desco"
5.4,5.6,14.1,"Cubo"
5.4,6.7,6.8,"Cubo"
5.4,5.7,9.1,"Cubo"
5.4,7.7,14.4,"Cubo"
5.4,5.7,9.1,"Cubo"
5.4,6.8,11.6,"Cubo"
5.4,6.8,11.5,"Cubo"
5.4,8.5,10.1,"Desco"
5.4,6.8,11.6,"Cubo"
5.4,8.3,11.3,"Desco"
5.4,6.8,11.5,"Cubo"
5.4,5.5,9.1,"Cubo"
5.4,10.5,15.8,"Desco"
5.4,8.5,13,"Desco"
5.4,7.8,9.5,"Cubo"
5.4,9,11.8,"Desco"
5.4,8.9,8.9,"Desco"
5.4,7.2,11,"Cubo"
5.4,8.9,8.9,"Desco"
5.4,7.6,8.2,"Cubo"
5.4,8.4,11.5,"Desco"
5.4,7.2,11,"Cubo"
5.5,7.9,11,"Cubo"
5.5,6.3,8.8,"Cubo"
5.5,7.9,11,"Cubo"
5.5,6.3,8.8,"Cubo"
5.5,7.9,11,"Cubo"
5.5,8.9,12,"Desco"
5.5,11.8,15.2,"Pizza"
5.5,10.2,13.5,"Desco"
5.5,6.7,8.3,"Cubo"
5.5,6.3,8.7,"Cubo"
5.5,6.3,8.7,"Cubo"
5.5,9.4,12.2,"Desco"
5.5,7.9,11.8,"Cubo"
5.5,5.5,9.4,"Cubo"
5.5,5.9,7.6,"Cubo"
5.5,9.5,14.3,"Desco"
5.5,7.9,17.7,"Cubo"
5.5,11.1,15.1,"Desco"
5.5,6.8,10.6,"Cubo"
5.5,13.8,17,"Pizza"
5.5,5.9,6.3,"Cubo"
5.5,5.5,10.6,"Cubo"
5.5,6.2,11.4,"Cubo"
5.6,7.4,12.7,"Cubo"
5.6,7.6,15.1,"Cubo"
5.6,5.6,9.8,"Cubo"
5.6,5.6,9.8,"Cubo"
5.6,6.5,8.7,"Cubo"
5.6,9.7,14.3,"Desco"
5.6,6.9,9,"Cubo"
5.6,6.5,9.1,"Cubo"
5.6,6.5,8.7,"Cubo"
5.6,6.9,9,"Cubo"
5.6,7.9,17.8,"Cubo"
5.6,6.8,9,"Cubo"
5.6,6.2,6.4,"Cubo"
5.6,7.2,16.3,"Cubo"
5.6,7.2,16.3,"Cubo"
5.6,6.2,6.4,"Cubo"
5.6,6.3,9.2,"Cubo"
5.6,7.9,17.8,"Cubo"
5.6,7,9,"Cubo"
5.6,8.2,11.5,"Cubo"
5.6,7.9,17.8,"Cubo"
5.6,6.4,15.3,"Cubo"
5.6,6.3,15.2,"Cubo"
5.6,6.1,12.4,"Cubo"
5.6,6.1,6.2,"Cubo"
5.6,8.5,11.2,"Desco"
5.6,8.5,11.2,"Desco"
5.6,7.7,11.7,"Cubo"
5.6,7.2,8.9,"Cubo"
5.6,6.6,7.9,"Cubo"
5.6,5.6,10.5,"Cubo"
5.6,6.6,7.9,"Cubo"
5.6,9.3,12.2,"Desco"
5.6,7.9,12.6,"Cubo"
5.7,5.9,12.2,"Cubo"
5.7,5.9,12.2,"Cubo"
5.7,7.9,9.8,"Cubo"
5.7,5.9,11.3,"Cubo"
5.7,9.5,12.8,"Desco"
5.7,8.7,11.5,"Desco"
5.7,7.2,18,"Cubo"
5.7,6.7,8.5,"Cubo"
5.7,6.8,8.8,"Cubo"
5.7,9.1,13.2,"Desco"
5.7,6.7,8.5,"Cubo"
5.7,6.8,8.8,"Cubo"
5.7,9.1,13.2,"Desco"
5.7,8.6,12.8,"Desco"
5.7,6.8,8.8,"Cubo"
5.7,9.1,13.2,"Desco"
5.7,7.9,9.8,"Cubo"
5.7,5.9,12,"Cubo"
5.7,11.3,14.1,"Desco"
5.7,8.8,13.7,"Desco"
5.7,11.3,14.1,"Desco"
5.7,8.8,13.7,"Desco"
5.7,7.1,10.2,"Cubo"
5.7,5.7,11,"Cubo"
5.7,6.8,8.8,"Cubo"
5.7,7.1,10.2,"Cubo"
5.7,5.9,7.9,"Cubo"
5.7,5.9,12.2,"Cubo"
5.7,7.4,18.6,"Cubo"
5.7,8.2,11.5,"Cubo"
5.7,5.9,12.2,"Cubo"
5.7,7.4,18.6,"Cubo"
5.7,8.2,11.5,"Cubo"
5.7,5.9,12,"Cubo"
5.7,6,12.2,"Cubo"
5.7,5.9,12,"Cubo"
5.7,5.9,12.2,"Cubo"
5.7,12.4,12.4,"Pizza"
5.7,8.7,8.9,"Desco"
5.7,6.5,6.9,"Cubo"
5.7,6.5,7,"Cubo"
5.7,6.7,7.5,"Cubo"
5.7,7.8,10.4,"Cubo"
5.7,9.2,11.5,"Desco"
5.8,7,9.4,"Cubo"
5.8,7.3,8.2,"Cubo"
5.8,7,9.6,"Cubo"
5.8,7,10,"Cubo"
5.8,7,9.4,"Cubo"
5.8,7.1,9.4,"Cubo"
5.8,9.3,14.1,"Desco"
5.8,6.8,8.8,"Cubo"
5.8,6.8,8.8,"Cubo"
5.8,6.8,8.8,"Cubo"
5.8,7.3,8.2,"Cubo"
5.8,6.9,10.1,"Cubo"
5.8,11.6,15.4,"Desco"
5.8,10.8,16.1,"Desco"
5.8,7,9.9,"Cubo"
5.8,7.2,9.8,"Cubo"
5.8,9,10.4,"Desco"
5.8,6.3,8.2,"Cubo"
5.8,9,10.4,"Desco"
5.8,6.4,6.5,"Cubo"
5.8,7.3,8.2,"Cubo"
5.8,10.8,16.1,"Desco"
5.8,10.9,16.1,"Desco"
5.8,7,9.6,"Cubo"
5.8,7,10,"Cubo"
5.8,7,9.6,"Cubo"
5.8,9.2,14.1,"Desco"
5.8,7,10,"Cubo"
5.8,7,9.6,"Cubo"
5.8,9.2,14.1,"Desco"
5.8,7.3,8.2,"Cubo"
5.8,7.3,8.2,"Cubo"
5.8,8.2,17.2,"Cubo"
5.8,6.1,8.8,"Cubo"
5.8,6.5,6.9,"Cubo"
5.8,6.2,8,"Cubo"
5.8,7.8,10.4,"Cubo"
5.8,5.8,12.4,"Cubo"
5.9,9.2,14.7,"Desco"
5.9,7,10.1,"Cubo"
5.9,9.2,15,"Desco"
5.9,9.3,13,"Desco"
5.9,8.5,9.5,"Cubo"
5.9,6.7,9,"Cubo"
5.9,9.3,13,"Desco"
5.9,8.5,9.5,"Cubo"
5.9,6.7,9,"Cubo"
5.9,8.5,9.5,"Cubo"
5.9,9.8,15.7,"Desco"
5.9,9.8,15.7,"Desco"
5.9,5.9,10.6,"Cubo"
5.9,9.8,19.7,"Desco"
5.9,9.9,10.2,"Desco"
5.9,5.9,13.8,"Cubo"
5.9,9.8,19.7,"Desco"
5.9,9.8,19.7,"Desco"
5.9,9.8,12.2,"Desco"
5.9,5.9,11.8,"Cubo"
5.9,8.6,9.6,"Cubo"
5.9,8.3,11.8,"Cubo"
5.9,9.1,11.9,"Desco"
5.9,7.8,11.4,"Cubo"
5.9,5.9,6,"Cubo"
5.9,7.9,7.9,"Cubo"
5.9,9.2,14.7,"Desco"
5.9,7,10.1,"Cubo"
5.9,6.7,7.9,"Cubo"
5.9,7,9.4,"Cubo"
5.9,8.3,8.7,"Cubo"
5.9,7,9.5,"Cubo"
5.9,8.7,9.1,"Cubo"
5.9,9.1,9.1,"Desco"
5.9,7,9.5,"Cubo"
5.9,9.2,14.7,"Desco"
5.9,9.4,13.8,"Desco"
5.9,9.4,12.7,"Desco"
5.9,9.4,12.7,"Desco"
5.9,5.9,6.6,"Cubo"
5.9,7.2,7.2,"Cubo"
5.9,9.1,15.4,"Desco"
5.9,9.3,15.5,"Desco"
5.9,11,15.4,"Desco"
5.9,6.5,6.8,"Cubo"
6,7,9.3,"Cubo"
6,9.2,12.2,"Desco"
6,8.6,9.4,"Cubo"
6,8.6,9.4,"Cubo"
6,8.6,9.3,"Cubo"
6,8.3,11.8,"Cubo"
6,8.5,9.7,"Cubo"
6,6.3,7.5,"Cubo"
6,6.7,8.7,"Cubo"
6,7.7,14.4,"Cubo"
6,8.9,11.2,"Cubo"
6,7.3,10.4,"Cubo"
6,7.3,10.4,"Cubo"
6,7.6,10.7,"Cubo"
6,8.9,11.2,"Cubo"
6,6.6,6.6,"Cubo"
6,6.1,12.2,"Cubo"
6,6,7.3,"Cubo"
6.1,6.7,15.4,"Cubo"
6.1,6.7,15.4,"Cubo"
6.1,6.3,6.5,"Cubo"
6.1,6.4,6.5,"Cubo"
6.1,6.2,7.6,"Cubo"
6.1,11.6,12.3,"Desco"
6.1,8.9,14.9,"Cubo"
6.1,9.7,12,"Desco"
6.1,9,9.3,"Cubo"
6.1,6.3,6.7,"Cubo"
6.1,8.9,14.9,"Cubo"
6.1,9.7,12,"Desco"
6.1,9,9.3,"Cubo"
6.1,8.9,14.9,"Cubo"
6.1,9.7,12,"Desco"
6.1,9,9.3,"Cubo"
6.1,11.6,12.3,"Desco"
6.1,6.3,6.7,"Cubo"
6.1,6.2,7.6,"Cubo"
6.1,7.6,12.3,"Cubo"
6.1,7.5,12.6,"Cubo"
6.1,8.7,10.5,"Cubo"
6.1,8.7,12.1,"Cubo"
6.1,7.2,10.2,"Cubo"
6.1,8.7,12.1,"Cubo"
6.1,7.2,10.2,"Cubo"
6.1,7.4,12.4,"Cubo"
6.1,13.4,16.1,"Pizza"
6.1,8.5,9.6,"Cubo"
6.1,8.5,12.2,"Cubo"
6.1,8.7,9.5,"Cubo"
6.1,8.5,9.4,"Cubo"
6.1,8.2,11.8,"Cubo"
6.1,8.5,9.6,"Cubo"
6.1,8.7,9.5,"Cubo"
6.1,8.2,11.8,"Cubo"
6.1,8.6,11.9,"Cubo"
6.1,8.5,9.4,"Cubo"
6.1,8.7,9,"Cubo"
6.1,8.2,8.9,"Cubo"
6.1,8.5,12.2,"Cubo"
6.1,8.2,11.8,"Cubo"
6.1,8.2,11.8,"Cubo"
6.1,8.2,11.8,"Cubo"
6.1,6.7,15.4,"Cubo"
6.1,6.2,17.9,"Cubo"
6.1,6.1,18,"Cubo"
6.1,6.4,8,"Cubo"
6.1,8.7,10.5,"Cubo"
6.1,8.7,10.5,"Cubo"
6.1,6.7,8.8,"Cubo"
6.1,9.8,12.4,"Desco"
6.1,9.3,14.2,"Desco"
6.1,7.9,8.3,"Cubo"
6.1,9.8,12.4,"Desco"
6.1,9.3,14.2,"Desco"
6.1,7,15.5,"Cubo"
6.1,7.2,14.6,"Cubo"
6.1,7.2,14.6,"Cubo"
6.1,7.4,14.4,"Cubo"
6.1,7.2,14.6,"Cubo"
6.1,7.4,14.4,"Cubo"
6.1,8,11.1,"Cubo"
6.2,6.8,15.5,"Cubo"
6.2,6.8,15.4,"Cubo"
6.2,9.4,11.2,"Desco"
6.2,6.2,7.6,"Cubo"
6.2,6.7,15.5,"Cubo"
6.2,6.9,14.4,"Cubo"
6.2,7.6,9.8,"Cubo"
6.2,9.5,12,"Desco"
6.2,6.9,14.4,"Cubo"
6.2,8.5,11.7,"Cubo"
6.2,8.6,8.9,"Cubo"
6.2,8.2,11.9,"Cubo"
6.2,8.4,15.4,"Cubo"
6.2,8.5,11.7,"Cubo"
6.2,8.6,12.4,"Cubo"
6.2,8.4,9.1,"Cubo"
6.2,8.2,11.9,"Cubo"
6.2,8.3,9.2,"Cubo"
6.2,8.6,8.9,"Cubo"
6.2,8.4,15.4,"Cubo"
6.2,8.6,12.5,"Cubo"
6.2,8.4,12.2,"Cubo"
6.2,8.6,9.1,"Cubo"
6.2,8.7,9,"Cubo"
6.2,6.8,15.4,"Cubo"
6.2,7.1,19.1,"Cubo"
6.2,6.7,9.4,"Cubo"
6.2,6.7,7.6,"Cubo"
6.2,11.8,16.6,"Desco"
6.2,11.8,16.6,"Desco"
6.2,6.8,15.5,"Cubo"
6.2,6.3,6.8,"Cubo"
6.2,7.4,14.3,"Cubo"
6.2,7.4,14.3,"Cubo"
6.2,7.4,14.3,"Cubo"
6.2,6.3,6.8,"Cubo"
6.2,6.2,6.5,"Cubo"
6.2,6.3,8.3,"Cubo"
6.3,6.7,15.5,"Cubo"
6.3,8.3,14,"Cubo"
6.3,6.7,15.5,"Cubo"
6.3,7.5,10.2,"Cubo"
6.3,6.6,9.6,"Cubo"
6.3,6.6,9.6,"Cubo"
6.3,6.6,9.6,"Cubo"
6.3,6.4,7.1,"Cubo"
6.3,6.5,9.1,"Cubo"
6.3,9.1,14.5,"Cubo"
6.3,9.3,11.9,"Cubo"
6.3,10.6,12.4,"Desco"
6.3,8.2,12.1,"Cubo"
6.3,9.1,9.2,"Cubo"
6.3,9.4,10.9,"Cubo"
6.3,8.4,12,"Cubo"
6.3,8.4,12,"Cubo"
6.3,8.4,9.1,"Cubo"
6.3,8.5,9,"Cubo"
6.3,9.1,12,"Cubo"
6.3,8.2,12.1,"Cubo"
6.3,9.1,9.2,"Cubo"
6.3,9.4,10.9,"Cubo"
6.3,8.4,11.8,"Cubo"
6.3,8.3,12.1,"Cubo"
6.3,8.2,12,"Cubo"
6.3,10.5,13.5,"Desco"
6.3,7.9,11.8,"Cubo"
6.3,6.8,15.4,"Cubo"
6.3,6.7,12.2,"Cubo"
6.3,13.5,14,"Pizza"
6.3,13.5,14,"Pizza"
6.3,6.4,9.4,"Cubo"
6.3,13.7,18,"Pizza"
6.3,10.2,12.6,"Desco"
6.3,9.4,12.6,"Cubo"
6.3,9.8,12.6,"Desco"
6.3,10.2,15.8,"Desco"
6.3,8.9,9.4,"Cubo"
6.3,13.7,18,"Pizza"
6.3,10.2,12.6,"Desco"
6.3,8.7,9.1,"Cubo"
6.3,6.3,9,"Cubo"
6.3,6.3,9,"Cubo"
6.3,8.3,14,"Cubo"
6.3,8.3,14,"Cubo"
6.3,6.6,7.7,"Cubo"
6.3,11.8,15.7,"Desco"
6.3,11.8,16.1,"Desco"
6.3,13,20.1,"Pizza"
6.3,11.9,13.7,"Desco"
6.4,8.7,11.9,"Cubo"
6.4,6.7,15.6,"Cubo"
6.4,8.6,9.3,"Cubo"
6.4,9.2,10.3,"Cubo"
6.4,10.3,12.7,"Desco"
6.4,7.9,12.2,"Cubo"
6.4,7.9,12.2,"Cubo"
6.4,7.9,12.2,"Cubo"
6.4,9.2,10.3,"Cubo"
6.4,6.4,9.3,"Cubo"
6.4,8.1,10.4,"Cubo"
6.4,6.7,9.2,"Cubo"
6.4,6.6,10.6,"Cubo"
6.4,10.2,11.9,"Desco"
6.4,6.5,11,"Cubo"
6.4,6.5,11,"Cubo"
6.4,8.5,17.5,"Cubo"
6.4,10.2,11.9,"Desco"
6.4,9.1,12,"Cubo"
6.4,9.5,12,"Cubo"
6.4,9.6,12,"Cubo"
6.4,8.7,11.9,"Cubo"
6.4,8.6,9.3,"Cubo"
6.4,8.5,9.1,"Cubo"
6.4,8.2,12.7,"Cubo"
6.4,8.2,12.4,"Cubo"
6.4,8.4,9,"Cubo"
6.4,8.1,12.2,"Cubo"
6.4,8.3,9.3,"Cubo"
6.4,8.1,12.4,"Cubo"
6.4,9.1,12,"Cubo"
6.4,9.1,9.1,"Cubo"
6.4,8.5,9.1,"Cubo"
6.4,8.2,12.4,"Cubo"
6.4,8.4,9,"Cubo"
6.4,8.3,9.3,"Cubo"
6.4,8.1,12.4,"Cubo"
6.4,8.7,11.9,"Cubo"
6.4,8.6,9.3,"Cubo"
6.4,8.2,12.7,"Cubo"
6.4,8.1,12.2,"Cubo"
6.4,6.7,15.6,"Cubo"
6.4,6.5,7.8,"Cubo"
6.4,6.5,7.8,"Cubo"
6.4,9.8,11.5,"Desco"
6.4,9.2,10.3,"Cubo"
6.4,9.2,10.3,"Cubo"
6.4,8.3,14.6,"Cubo"
6.5,7.2,8.8,"Cubo"
6.5,7.2,8.8,"Cubo"
6.5,7.2,8.8,"Cubo"
6.5,8.1,12.1,"Cubo"
6.5,8.1,12.1,"Cubo"
6.5,10.3,10.4,"Desco"
6.5,10.3,10.4,"Desco"
6.5,6.7,10.6,"Cubo"
6.5,9.3,10.4,"Cubo"
6.5,9.3,10.4,"Cubo"
6.5,9.4,12.5,"Cubo"
6.5,9.1,10.2,"Cubo"
6.5,8.1,12,"Cubo"
6.5,8.5,9.2,"Cubo"
6.5,9.3,12.1,"Cubo"
6.5,8.2,12.2,"Cubo"
6.5,8.3,12.1,"Cubo"
6.5,8.5,9.1,"Cubo"
6.5,8.1,12,"Cubo"
6.5,8.5,9.2,"Cubo"
6.5,8.3,9.1,"Cubo"
6.5,7.4,9.1,"Cubo"
6.5,8.5,12.3,"Cubo"
6.5,9.3,12.1,"Cubo"
6.5,8.2,12.2,"Cubo"
6.5,8.3,12.1,"Cubo"
6.5,8.5,9.1,"Cubo"
6.5,8.3,12.5,"Cubo"
6.5,8.1,12,"Cubo"
6.5,12.2,16.2,"Desco"
6.5,7.5,7.7,"Cubo"
6.5,7.5,7.7,"Cubo"
6.5,11.2,13.8,"Desco"
6.5,6.6,6.6,"Cubo"
6.5,9.3,15.3,"Cubo"
6.5,9.8,12.8,"Desco"
6.5,9.3,15.3,"Cubo"
6.5,10.4,15.6,"Desco"
6.5,10.7,15.1,"Desco"
6.5,8.9,10.2,"Cubo"
6.5,10.7,15.1,"Desco"
6.5,8.9,10.2,"Cubo"
6.6,7.8,9,"Cubo"
6.6,10.1,13.5,"Desco"
6.6,9.4,14.8,"Cubo"
6.6,8.7,10,"Cubo"
6.6,12.4,13.1,"Desco"
6.6,10.2,12.6,"Desco"
6.6,10.2,12.8,"Desco"
6.6,10.6,11.5,"Desco"
6.6,10.6,11.5,"Desco"
6.6,8.7,10,"Cubo"
6.6,10.6,11.5,"Desco"
6.6,8.7,10,"Cubo"
6.6,9.9,10.6,"Cubo"
6.6,8.4,9,"Cubo"
6.6,8.4,9,"Cubo"
6.6,8.1,12,"Cubo"
6.6,12.4,15.5,"Desco"
6.6,10.1,13.5,"Desco"
6.6,9.4,14.8,"Cubo"
6.6,12.4,13.1,"Desco"
6.6,10.1,13.5,"Desco"
6.6,9.4,14.8,"Cubo"
6.6,8.7,15.3,"Cubo"
6.7,8.4,8.9,"Cubo"
6.7,6.9,9,"Cubo"
6.7,6.9,9,"Cubo"
6.7,6.9,9,"Cubo"
6.7,9.8,10.2,"Cubo"
6.7,7,9.4,"Cubo"
6.7,9.6,12.2,"Cubo"
6.7,10.6,15.7,"Desco"
6.7,8.4,10.2,"Cubo"
6.7,8.2,9.4,"Cubo"
6.7,9.1,9.8,"Cubo"
6.7,7.5,10.2,"Cubo"
6.7,12.2,20.5,"Desco"
6.7,12.2,20.5,"Desco"
6.7,10.4,13.3,"Desco"
6.7,20.9,43.3,"Pizza"
6.7,10.4,15.6,"Desco"
6.7,11.8,16.5,"Desco"
6.7,10.4,12.4,"Desco"
6.7,10.4,13.3,"Desco"
6.7,20.9,43.3,"Pizza"
6.7,10.4,15.6,"Desco"
6.7,11.8,16.5,"Desco"
6.7,7.8,8.8,"Cubo"
6.7,7.8,8.8,"Cubo"
6.7,11.8,15.4,"Desco"
6.8,6.8,15.5,"Cubo"
6.8,11.1,11.7,"Desco"
6.8,9.2,10.8,"Cubo"
6.8,9.2,10.8,"Cubo"
6.8,8.3,10.7,"Cubo"
6.8,8.7,9.4,"Cubo"
6.8,6.8,15.5,"Cubo"
6.8,12,15.2,"Desco"
6.8,7.8,9.2,"Cubo"
6.8,8.5,10.2,"Cubo"
6.8,9,11.8,"Cubo"
6.8,12,12.5,"Desco"
6.8,12,12.5,"Desco"
6.8,10.6,18.6,"Desco"
6.9,10.6,13.4,"Desco"
6.9,10.6,13.4,"Desco"
6.9,9.2,10.2,"Cubo"
6.9,9.2,10.2,"Cubo"
6.9,9.2,10.2,"Cubo"
6.9,10.3,14.9,"Cubo"
6.9,8,10.9,"Cubo"
6.9,8,11.3,"Cubo"
6.9,10.3,14.9,"Cubo"
6.9,9.6,12.2,"Cubo"
6.9,11.5,12.4,"Desco"
6.9,8.4,10.2,"Cubo"
6.9,7.8,14.3,"Cubo"
6.9,7.8,9.4,"Cubo"
6.9,9.3,10.6,"Cubo"
6.9,9.3,10.6,"Cubo"
7,8.3,10.5,"Cubo"
7,9,10,"Cubo"
7,9,10,"Cubo"
7,9.6,12.4,"Cubo"
7,12.1,12.6,"Desco"
7,10.7,12.8,"Desco"
7,7.4,10.4,"Cubo"
7,11.1,13.1,"Desco"
7,11.3,13.3,"Desco"
7,9,10,"Cubo"
7,9.4,10.8,"Cubo"
7,7.4,10.4,"Cubo"
7,9.4,10.8,"Cubo"
7,7.4,10.4,"Cubo"
7,11.6,12.9,"Desco"
7,9,10,"Cubo"
7,7.4,10.4,"Cubo"
7,9.6,12.4,"Cubo"
7,9,10,"Cubo"
7,9.3,9.6,"Cubo"
7,8.3,10.5,"Cubo"
7,8.3,10.5,"Cubo"
7,7.1,9.2,"Cubo"
7.1,11.8,13.8,"Desco"
7.1,7.2,9.5,"Cubo"
7.1,9.2,13.8,"Cubo"
7.1,9.5,12.2,"Cubo"
7.1,7.4,10.9,"Cubo"
7.1,12.6,17.6,"Desco"
7.1,8.7,11,"Cubo"
7.1,7.4,10.9,"Cubo"
7.1,12.6,17.6,"Desco"
7.1,10,10.8,"Cubo"
7.1,10,10.8,"Cubo"
7.1,11.4,12.2,"Desco"
7.1,11.8,13.8,"Desco"
7.1,7.1,9.5,"Cubo"
7.1,7.2,9.5,"Cubo"
7.1,7.2,9.5,"Cubo"
7.1,7.2,9.5,"Cubo"
7.1,8.2,10.4,"Cubo"
7.1,7.1,9.5,"Cubo"
7.1,7.2,9.5,"Cubo"
7.1,11.8,15.7,"Desco"
7.1,10.2,14.6,"Cubo"
7.1,9.1,17.7,"Cubo"
7.1,9.1,17.7,"Cubo"
7.1,7.5,14.6,"Cubo"
7.1,10.2,11,"Cubo"
7.1,10.2,11,"Cubo"
7.2,9.3,10.3,"Cubo"
7.2,10.7,13,"Cubo"
7.2,10.1,11.3,"Cubo"
7.2,10.1,11.3,"Cubo"
7.2,8.8,11.1,"Cubo"
7.2,8,9.8,"Cubo"
7.2,9.8,12.4,"Cubo"
7.2,9.8,12.4,"Cubo"
7.2,9.3,10,"Cubo"
7.2,8.2,9.4,"Cubo"
7.2,9.3,10.3,"Cubo"
7.2,13.6,18.7,"Desco"
7.2,13.6,18,"Desco"
7.2,8.3,10.5,"Cubo"
7.2,10.9,14.3,"Desco"
7.2,13.6,18,"Desco"
7.2,8.3,10.5,"Cubo"
7.2,10.9,14.3,"Desco"
7.2,8.3,16.6,"Cubo"
7.3,8.3,10.4,"Cubo"
7.3,10.5,10.7,"Cubo"
7.3,10.5,10.7,"Cubo"
7.3,8.4,9.9,"Cubo"
7.3,7.6,8,"Cubo"
7.3,9.6,15.1,"Cubo"
7.3,9.6,15.1,"Cubo"
7.3,7.5,21.3,"Cubo"
7.3,9.4,14.6,"Cubo"
7.4,8.8,10.3,"Cubo"
7.4,8.4,9.8,"Cubo"
7.4,8,10.5,"Cubo"
7.4,10.4,11.5,"Cubo"
7.4,8.4,9.8,"Cubo"
7.4,8.4,9.8,"Cubo"
7.4,10.4,14.6,"Cubo"
7.4,8.7,9.9,"Cubo"
7.4,10.7,12.2,"Cubo"
7.4,11.5,13.7,"Desco"
7.4,8.9,10.3,"Cubo"
7.4,8.5,10.6,"Cubo"
7.4,8.8,10.3,"Cubo"
7.4,9.3,10.4,"Cubo"
7.4,9.3,10.4,"Cubo"
7.4,13.3,17.7,"Desco"
7.4,13.3,17.7,"Desco"
7.4,8.2,10.1,"Cubo"
7.5,13.4,16.1,"Desco"
7.5,8.3,11.2,"Cubo"
7.5,8.3,10.6,"Cubo"
7.5,8.6,9.8,"Cubo"
7.5,8.6,9.8,"Cubo"
7.5,10.9,14.8,"Cubo"
7.5,9,10.6,"Cubo"
7.5,10.9,14.8,"Cubo"
7.5,10.4,14.1,"Cubo"
7.5,7.9,9.4,"Cubo"
7.5,8.1,21,"Cubo"
7.5,9.4,17.7,"Cubo"
7.5,8.1,11.8,"Cubo"
7.5,9.8,15,"Cubo"
7.5,9.8,14.6,"Cubo"
7.5,11,15.7,"Cubo"
7.5,11,15.7,"Cubo"
7.5,7.5,11.4,"Cubo"
7.5,8.3,11.4,"Cubo"
7.5,9.8,14.6,"Cubo"
7.5,10.2,14.6,"Cubo"
7.5,9.8,14.6,"Cubo"
7.5,9.8,15,"Cubo"
7.6,8.5,12.2,"Cubo"
7.6,11.3,14,"Cubo"
7.6,12.4,17.4,"Desco"
7.6,8.5,12.2,"Cubo"
7.6,12.4,17.4,"Desco"
7.6,9.9,12.8,"Cubo"
7.6,8.2,14.8,"Cubo"
7.6,8.1,10.3,"Cubo"
7.6,8.6,10.6,"Cubo"
7.6,7.8,9.8,"Cubo"
7.6,9.9,12.8,"Cubo"
7.6,8.2,14.8,"Cubo"
7.6,8.1,10.3,"Cubo"
7.6,8.6,10.6,"Cubo"
7.6,8,10.6,"Cubo"
7.6,8.1,11.8,"Cubo"
7.6,9.2,12.6,"Cubo"
7.7,9.1,15.7,"Cubo"
7.7,10.6,13.9,"Cubo"
7.7,12.6,13.4,"Desco"
7.7,8.7,10.2,"Cubo"
7.7,8.3,14.8,"Cubo"
7.7,7.8,10.3,"Cubo"
7.7,9.5,14.2,"Cubo"
7.7,9.5,14.2,"Cubo"
7.7,10.9,12.2,"Cubo"
7.8,11.8,13,"Desco"
7.8,9.2,10.6,"Cubo"
7.8,8.4,10.5,"Cubo"
7.8,11.3,13.3,"Cubo"
7.8,11.6,12.4,"Cubo"
7.8,11.6,13.4,"Cubo"
7.8,10.5,14.6,"Cubo"
7.9,11.4,13,"Cubo"
7.9,15.8,15.8,"Desco"
7.9,7.9,9.4,"Cubo"
7.9,7.9,9.4,"Cubo"
7.9,9.4,11,"Cubo"
7.9,10.6,11.8,"Cubo"
7.9,11,12.6,"Cubo"
7.9,9.4,11,"Cubo"
7.9,11,11,"Cubo"
7.9,9.3,12.2,"Cubo"
7.9,9.3,12.2,"Cubo"
7.9,9.1,14.2,"Cubo"
7.9,11.8,13,"Cubo"
8,9.5,12.3,"Cubo"
8,9.1,11.7,"Cubo"
8,9.5,12.3,"Cubo"
8,9.1,11.7,"Cubo"
8,9.3,12,"Cubo"
8,9.2,11.8,"Cubo"
8,9.2,10.7,"Cubo"
8,11.3,12.2,"Cubo"
8,9.1,9.9,"Cubo"
8.1,11.6,13.4,"Cubo"
8.1,11.6,13.4,"Cubo"
8.1,10.8,12.9,"Cubo"
8.1,10.8,12.9,"Cubo"
8.1,8.6,10.4,"Cubo"
8.1,8.6,10.4,"Cubo"
8.1,9.4,12.6,"Cubo"
8.1,11.6,13.4,"Cubo"
8.1,8.5,13.4,"Cubo"
8.1,9.8,16,"Cubo"
8.1,9.9,15,"Cubo"
8.2,10.4,17.3,"Cubo"
8.2,9.4,12,"Cubo"
8.2,8.3,8.8,"Cubo"
8.2,9.4,14.6,"Cubo"
8.2,11.3,15.3,"Cubo"
8.2,9.6,10,"Cubo"
8.3,9.7,11.2,"Cubo"
8.3,12.3,16.3,"Cubo"
8.3,9.1,10.4,"Cubo"
8.3,9.5,12.4,"Cubo"
8.3,8.3,8.6,"Cubo"
8.3,9.6,12,"Cubo"
8.3,9.1,10.4,"Cubo"
8.3,9.5,12.4,"Cubo"
8.3,9.4,12.5,"Cubo"
8.3,12.6,12.6,"Desco"
8.3,8.3,20.1,"Cubo"
8.3,9.9,14.6,"Cubo"
8.3,8.3,20.1,"Cubo"
8.3,9.9,14.6,"Cubo"
8.3,9.1,14.1,"Cubo"
8.3,11,12.6,"Cubo"
8.3,12.6,16.9,"Desco"
8.3,15.2,18.7,"Desco"
8.4,9.9,10.9,"Cubo"
8.4,9.5,11.9,"Cubo"
8.4,9.5,11.4,"Cubo"
8.4,9.5,11.4,"Cubo"
8.4,9.6,12,"Cubo"
8.4,10.2,13.9,"Cubo"
8.4,9.6,11.9,"Cubo"
8.4,9.6,11.9,"Cubo"
8.4,9.7,13.6,"Cubo"
8.4,9.7,13.6,"Cubo"
8.5,9.8,15,"Cubo"
8.5,10.8,11.2,"Cubo"
8.5,10.8,11.2,"Cubo"
8.5,10.8,11.2,"Cubo"
8.5,10.2,11.1,"Cubo"
8.5,8.5,15.5,"Cubo"
8.5,13.4,16.7,"Desco"
8.5,9,9.3,"Cubo"
8.5,9,9.3,"Cubo"
8.5,12.5,16.1,"Cubo"
8.5,8.9,12.6,"Cubo"
8.5,8.9,12.6,"Cubo"
8.5,9,12.4,"Cubo"
8.5,8.9,12.4,"Cubo"
8.5,9.4,11.8,"Cubo"
8.5,10.5,19.7,"Cubo"
8.5,10.6,16.5,"Cubo"
8.5,9.8,15,"Cubo"
8.5,10.5,19.7,"Cubo"
8.5,10.6,16.5,"Cubo"
8.5,11.1,15.3,"Cubo"
8.6,8.7,15.7,"Cubo"
8.6,10.7,16.5,"Cubo"
8.6,10,11,"Cubo"
8.6,10,11,"Cubo"
8.6,8.7,15.7,"Cubo"
8.6,9.2,12.1,"Cubo"
8.6,9.2,12.1,"Cubo"
8.6,9.4,12,"Cubo"
8.6,9.6,15.5,"Cubo"
8.6,9.6,15.5,"Cubo"
8.6,10.2,11.7,"Cubo"
8.6,12.4,16.5,"Cubo"
8.6,12.4,16.5,"Cubo"
8.7,10,15.9,"Cubo"
8.7,9.4,10.4,"Cubo"
8.7,9.8,15.8,"Cubo"
8.7,8.9,14.2,"Cubo"
8.7,10.1,13.8,"Cubo"
8.7,10.1,13.8,"Cubo"
8.7,9.2,11.9,"Cubo"
8.7,13.2,14.7,"Desco"
8.7,9.9,14.9,"Cubo"
8.7,9.8,15,"Cubo"
8.7,10.4,15.6,"Cubo"
8.7,9.1,14.6,"Cubo"
8.7,10,15.8,"Cubo"
8.7,9.1,14.6,"Cubo"
8.7,10.4,15.4,"Cubo"
8.7,10,15.9,"Cubo"
8.7,9.9,15,"Cubo"
8.7,10.6,15.4,"Cubo"
8.7,9.9,16.2,"Cubo"
8.7,11.9,12.8,"Cubo"
8.7,9.9,14.9,"Cubo"
8.7,9.8,15,"Cubo"
8.7,10.4,15.6,"Cubo"
8.7,9.1,14.6,"Cubo"
8.7,10,15.8,"Cubo"
8.7,9.1,14.6,"Cubo"
8.7,10.4,15.4,"Cubo"
8.7,10,15.9,"Cubo"
8.7,9.9,15,"Cubo"
8.7,10.6,15.4,"Cubo"
8.7,9.9,16.2,"Cubo"
8.7,11.9,15.5,"Cubo"
8.7,15.4,20.1,"Desco"
8.8,14,18.1,"Desco"
8.8,10.9,18,"Cubo"
8.8,10.9,18,"Cubo"
8.8,9.8,16.2,"Cubo"
8.8,9.8,16.2,"Cubo"
8.8,11.3,17.1,"Cubo"
8.9,10,11.9,"Cubo"
8.9,11.2,16.1,"Cubo"
8.9,10.5,15.8,"Cubo"
8.9,10.2,13.4,"Cubo"
8.9,9.6,16.8,"Cubo"
8.9,9.9,16.1,"Cubo"
8.9,10,11.9,"Cubo"
8.9,10,12,"Cubo"
8.9,9.6,16.8,"Cubo"
8.9,9.9,16.1,"Cubo"
8.9,10.7,12.4,"Cubo"
8.9,11.8,15.9,"Cubo"
8.9,10.5,15.9,"Cubo"
9,10.4,15.5,"Cubo"
9,10.4,13.5,"Cubo"
9,10.4,13.5,"Cubo"
9,10.4,15,"Cubo"
9,9.7,12.8,"Cubo"
9,11.3,11.3,"Cubo"
9,9.8,11.4,"Cubo"
9,10.4,15,"Cubo"
9,9.7,12.8,"Cubo"
9.1,12.6,13.8,"Cubo"
9.1,9.9,12.8,"Cubo"
9.1,10.2,14,"Cubo"
9.1,9.4,9.6,"Cubo"
9.1,9.8,12.2,"Cubo"
9.1,10.3,13.9,"Cubo"
9.1,9.1,13.5,"Cubo"
9.1,9.1,13.5,"Cubo"
9.1,10.9,15,"Cubo"
9.1,15.4,23.6,"Desco"
9.1,12.6,19.3,"Cubo"
9.1,69.3,98.4,"Pizza"
9.2,10.4,13.6,"Cubo"
9.2,9.3,13.6,"Cubo"
9.2,10.4,13.6,"Cubo"
9.2,10.4,13.6,"Cubo"
9.2,10.4,13.6,"Cubo"
9.3,10.8,15.9,"Cubo"
9.3,10.8,12.2,"Cubo"
9.3,10.8,12.2,"Cubo"
9.3,9.4,10.2,"Cubo"
9.4,9.4,15,"Cubo"
9.4,11.4,12.8,"Cubo"
9.4,9.4,12,"Cubo"
9.4,11,18.9,"Cubo"
9.4,11,18.9,"Cubo"
9.4,9.4,11.8,"Cubo"
9.4,11.8,15.4,"Cubo"
9.4,11.2,15.5,"Cubo"
9.4,11.2,15.5,"Cubo"
9.4,11.9,15.6,"Cubo"
9.4,11.9,15.6,"Cubo"
9.4,9.4,11.8,"Cubo"
9.4,11.8,15.4,"Cubo"
9.4,10.6,18.9,"Cubo"
9.4,9.4,9.5,"Cubo"
9.4,10.7,15.2,"Cubo"
9.4,9.6,15.1,"Cubo"
9.5,13.2,16.2,"Cubo"
9.5,10.6,13,"Cubo"
9.5,10.4,13.3,"Cubo"
9.6,11.3,15.2,"Cubo"
9.6,9.7,12.8,"Cubo"
9.6,9.9,12.4,"Cubo"
9.6,9.7,12.8,"Cubo"
9.6,9.7,12.8,"Cubo"
9.6,11.5,15.4,"Cubo"
9.7,10.8,12.8,"Cubo"
9.7,10.4,12.8,"Cubo"
9.7,10.6,12.8,"Cubo"
9.7,10.7,13.1,"Cubo"
9.8,9.8,12.2,"Cubo"
9.8,9.8,12.2,"Cubo"
9.8,9.8,12.6,"Cubo"
9.8,11.8,13.8,"Cubo"
9.8,10.8,11.9,"Cubo"
9.8,11.8,15,"Cubo"
9.9,10.9,12.5,"Cubo"
9.9,9.9,12.4,"Cubo"
9.9,10.1,13.5,"Cubo"
9.9,10.1,13.5,"Cubo"
10,10,13.8,"Cubo"
10,10,13.8,"Cubo"
10,10,13.8,"Cubo"
10,10.3,13.4,"Cubo"
10,13.5,13.8,"Cubo"
10,10.3,13.4,"Cubo"
10,13.5,13.8,"Cubo"
10.1,10.3,13.3,"Cubo"
10.1,10.3,13.3,"Cubo"
10.2,13.3,14.1,"Cubo"
10.2,11.5,12.1,"Cubo"
10.2,11.5,12.1,"Cubo"
10.2,11.4,15.4,"Cubo"
10.3,12.1,13.7,"Cubo"
10.3,12.1,13.7,"Cubo"
10.4,12.4,13.5,"Cubo"
10.4,12.4,13.5,"Cubo"
10.6,12.2,15.7,"Cubo"
10.6,12,13.9,"Cubo"
10.6,12,13.9,"Cubo"
10.6,13,15.7,"Cubo"
10.6,11.4,15.4,"Cubo"
10.7,11.1,15.2,"Cubo"
10.7,11.1,13.7,"Cubo"
10.7,11.1,13.7,"Cubo"
11,12.8,15,"Cubo"
11,11.2,16.1,"Cubo"
11,13.4,15,"Cubo"
11.2,13.1,18.1,"Cubo"
11.2,13.1,18.1,"Cubo"
11.5,13.8,22.3,"Cubo"
11.8,11.8,11.8,"Cubo"
11.8,11.8,11.8,"Cubo"
11.8,11.8,11.8,"Cubo"
12,15,19,"Cubo"
12,15,18,"Cubo"
12.4,17.3,21.7,"Cubo"
12.5,12.5,17.5,"Cubo"
12.5,13,18.5,"Cubo"
12.7,18.1,18.6,"Cubo"
12.7,18.1,18.6,"Cubo"
12.8,15.3,18.3,"Cubo"
13,13.5,21.8,"Cubo"
13.8,19.7,27.6,"Cubo"
27.6,28,46.1,"Cubo"
